severity,query,num_urls,total_impressions,total_clicks,avg_position,intended_url,actual_winner,is_misaligned,intended_imp,winner_imp,urls
CRITICAL,commercial vent hood repair cost,2,2337,0,6.81,/,/price-list/commercial-exhaust-hood-repair-cost/,True,0,2116,/price-list/commercial-exhaust-hood-repair-cost/::imp=2116::pos=6.3::clk=0|/price-list/range-hood-repair-cost/::imp=221::pos=11.7::clk=0
CRITICAL,commercial exhaust hood repair cost,2,1438,0,7.23,/,/price-list/commercial-exhaust-hood-repair-cost/,True,0,1032,/price-list/commercial-exhaust-hood-repair-cost/::imp=1032::pos=5.9::clk=0|/price-list/range-hood-repair-cost/::imp=406::pos=10.6::clk=0
CRITICAL,appliance repair near me,12,409,0,6.57,/,/west-hollywood/,True,0,179,/west-hollywood/::imp=179::pos=2.2::clk=0|/los-angeles/::imp=97::pos=1.0::clk=0|/pasadena/::imp=30::pos=14.0::clk=0|/thousand-oaks/::imp=21::pos=3.3::clk=0|/beverly-hills/::imp=19::pos=15.7::clk=0
MEDIUM,same day appliance repair,10,331,4,23.27,/,/,False,116,116,/::imp=116::pos=26.1::clk=1|/los-angeles/::imp=55::pos=4.1::clk=0|/west-hollywood/::imp=54::pos=7.4::clk=3|/riverside-county/::imp=47::pos=57.9::clk=0|/areas/los-angeles-and-surrounding-areas/::imp=23::pos=11.3::clk=0
CRITICAL,appliance repair west hollywood,1,209,0,6.0,/hollywood/,/west-hollywood/,True,0,209,/west-hollywood/::imp=209::pos=6.0::clk=0
CRITICAL,refrigerator repair,10,207,0,20.11,/services/refrigerator-repair/,/west-hollywood/,True,0,64,/west-hollywood/::imp=64::pos=6.4::clk=0|/services/refrigerator-repair-los-angeles/::imp=38::pos=26.6::clk=0|/areas/los-angeles-and-surrounding-areas/::imp=21::pos=42.4::clk=0|/pasadena/::imp=18::pos=13.9::clk=0|/thousand-oaks/::imp=16::pos=17.5::clk=0
CRITICAL,oven repair,8,198,0,12.39,/services/oven-repair/,/los-angeles/,True,0,52,/los-angeles/::imp=52::pos=1.8::clk=0|/west-hollywood/::imp=41::pos=6.9::clk=0|/pasadena/::imp=37::pos=13.1::clk=0|/services/oven-repair-los-angeles/::imp=18::pos=20.2::clk=0|/beverly-hills/::imp=15::pos=13.1::clk=0
CRITICAL,dryer repair,8,183,0,15.79,/services/dryer-repair/,/west-hollywood/,True,0,64,/west-hollywood/::imp=64::pos=4.8::clk=0|/pasadena/::imp=32::pos=18.1::clk=0|/los-angeles/::imp=19::pos=1.0::clk=0|/beverly-hills/::imp=17::pos=21.3::clk=0|/calabasas/::imp=17::pos=27.7::clk=0
CRITICAL,bosch appliance repair,2,167,0,1.0,/brands/bosch/,/west-hollywood/,True,0,134,/west-hollywood/::imp=134::pos=1.0::clk=0|/los-angeles/::imp=33::pos=1.0::clk=0
CRITICAL,refrigerator repair near me,7,162,0,5.34,/services/refrigerator-repair/,/west-hollywood/,True,0,66,/west-hollywood/::imp=66::pos=1.0::clk=0|/los-angeles/::imp=29::pos=3.8::clk=0|/thousand-oaks/::imp=29::pos=1.7::clk=0|/pasadena/::imp=17::pos=11.6::clk=0|/redlands/::imp=8::pos=14.5::clk=0
CRITICAL,walk-in freezer repair near me,1,153,0,44.4,/services/refrigerator-repair/,/,True,0,153,/::imp=153::pos=44.4::clk=0
CRITICAL,dishwasher repair,9,152,0,23.83,/services/dishwasher-repair/,/pasadena/,True,0,39,/pasadena/::imp=39::pos=15.8::clk=0|/west-hollywood/::imp=31::pos=11.5::clk=0|/thousand-oaks/::imp=25::pos=19.2::clk=0|/areas/los-angeles-and-surrounding-areas/::imp=15::pos=42.3::clk=0|/agoura-hills/::imp=13::pos=33.7::clk=0
CRITICAL,lg repair west hollywood,1,142,0,1.0,/brands/lg/,/west-hollywood/,True,0,142,/west-hollywood/::imp=142::pos=1.0::clk=0
CRITICAL,same day appliance repair topanga,10,134,0,58.42,/,/los-angeles/,True,0,25,/los-angeles/::imp=25::pos=14.7::clk=0|/contact/::imp=16::pos=61.6::clk=0|/areas/los-angeles-and-surrounding-areas/::imp=15::pos=66.9::clk=0|/el-segundo/::imp=15::pos=67.0::clk=0|/los-angeles-county/::imp=15::pos=70.2::clk=0
CRITICAL,stove repair,5,112,0,25.21,/services/oven-repair/,/services/stove-repair-los-angeles/,True,0,48,/services/stove-repair-los-angeles/::imp=48::pos=10.9::clk=0|/services/stove-repair/::imp=32::pos=43.7::clk=0|/agoura-hills/::imp=14::pos=30.8::clk=0|/calabasas/::imp=13::pos=32.1::clk=0|/pasadena/::imp=5::pos=10.6::clk=0
CRITICAL,freezer repair cost,4,109,0,56.74,/price-list/refrigerator-repair-cost/,/price-list/freezer-repair-cost/,True,17,39,/price-list/freezer-repair-cost/::imp=39::pos=58.7::clk=0|/price-list/commercial-walk-in-freezer-repair-cost/::imp=37::pos=34.0::clk=0|/price-list/refrigerator-repair-cost/::imp=17::pos=76.2::clk=0|/price-list/commercial-freezer-repair-cost/::imp=16::pos=83.9::clk=0
LOW,appliance repair thousand oaks ca,1,103,0,7.1,/thousand-oaks/,/thousand-oaks/,False,103,103,/thousand-oaks/::imp=103::pos=7.1::clk=0
CRITICAL,washing machine repair,3,101,0,2.78,/services/washer-repair/,/west-hollywood/,True,0,62,/west-hollywood/::imp=62::pos=1.0::clk=0|/los-angeles/::imp=32::pos=3.4::clk=0|/thousand-oaks/::imp=7::pos=15.7::clk=0
CRITICAL,appliance repair,8,100,0,16.78,/,/pasadena/,True,0,39,/pasadena/::imp=39::pos=18.2::clk=0|/west-hollywood/::imp=16::pos=12.9::clk=0|/upland/::imp=14::pos=17.8::clk=0|/beverly-hills/::imp=7::pos=15.4::clk=0|/los-angeles/::imp=7::pos=15.1::clk=0
MEDIUM,appliance repair downtown los angeles,5,100,0,37.49,/los-angeles/,/los-angeles/,False,38,38,/los-angeles/::imp=38::pos=31.1::clk=0|/areas/downtown-los-angeles/::imp=27::pos=15.2::clk=0|/west-hollywood/::imp=16::pos=64.8::clk=0|/areas/los-angeles-and-surrounding-areas/::imp=10::pos=56.1::clk=0|/los-angeles-county/::imp=9::pos=62.1::clk=0
CRITICAL,wine fridge repair cost,2,81,0,22.49,/price-list/refrigerator-repair-cost/,/price-list/wine-cooler-repair-cost/,True,0,46,/price-list/wine-cooler-repair-cost/::imp=46::pos=11.0::clk=0|/price-list/commercial-wine-cooler-repair-cost/::imp=35::pos=37.6::clk=0
MEDIUM,lg appliance repair,2,78,0,54.42,/brands/lg/,/brands/lg/,False,73,73,/brands/lg/::imp=73::pos=56.3::clk=0|/west-hollywood/::imp=5::pos=27.0::clk=0
CRITICAL,appliance repair north hollywood ca,3,77,0,38.62,/hollywood/,/north-hollywood/,True,0,34,/north-hollywood/::imp=34::pos=32.1::clk=0|/west-hollywood/::imp=29::pos=38.2::clk=0|/los-angeles/::imp=14::pos=55.3::clk=0
CRITICAL,appliance repair service,2,76,0,1.53,/,/los-angeles/,True,0,47,/los-angeles/::imp=47::pos=1.0::clk=0|/west-hollywood/::imp=29::pos=2.4::clk=0
CRITICAL,washer repair,3,73,0,19.57,/services/washer-repair/,/pasadena/,True,0,32,/pasadena/::imp=32::pos=14.4::clk=0|/west-hollywood/::imp=27::pos=10.9::clk=0|/agoura-hills/::imp=14::pos=48.1::clk=0
CRITICAL,appliance repair oak park ca,2,72,0,7.8,/oak-park/,/thousand-oaks/,True,18,54,/thousand-oaks/::imp=54::pos=1.0::clk=0|/oak-park/::imp=18::pos=28.2::clk=0
CRITICAL,dryer repair near me,5,72,0,19.99,/services/dryer-repair/,/thousand-oaks/,True,0,30,/thousand-oaks/::imp=30::pos=1.0::clk=0|/pasadena/::imp=13::pos=15.9::clk=0|/riverside-county/::imp=13::pos=72.1::clk=0|/rancho-cucamonga/::imp=11::pos=18.4::clk=0|/west-hollywood/::imp=5::pos=12.6::clk=0
MEDIUM,same-day appliance repair,3,72,0,18.63,/,/,False,56,56,/::imp=56::pos=20.9::clk=0|/los-angeles/::imp=8::pos=15.4::clk=0|/west-hollywood/::imp=8::pos=6.0::clk=0
CRITICAL,steam oven repair,2,72,0,24.44,/services/oven-repair/,/services/wall-oven-repair/,True,19,53,/services/wall-oven-repair/::imp=53::pos=22.3::clk=0|/services/oven-repair/::imp=19::pos=30.4::clk=0
CRITICAL,slushi machine repair,4,71,0,25.47,/,/services/commercial-slushie-machine-repair-los-angeles/,True,0,31,/services/commercial-slushie-machine-repair-los-angeles/::imp=31::pos=30.6::clk=0|/price-list/commercial-slushie-machine-repair-cost/::imp=28::pos=17.8::clk=0|/commercial/ice-machines/::imp=7::pos=46.1::clk=0|/west-hollywood/::imp=5::pos=7.8::clk=0
CRITICAL,walk in refrigerator repair,1,71,0,46.4,/services/refrigerator-repair/,/,True,0,71,/::imp=71::pos=46.4::clk=0
CRITICAL,commercial fryer repair,2,70,0,62.31,/commercial/fryer-repair/,/services/commercial-fryer-machine-repair-los-angeles/,True,15,55,/services/commercial-fryer-machine-repair-los-angeles/::imp=55::pos=59.1::clk=0|/commercial/fryer-repair/::imp=15::pos=74.1::clk=0
CRITICAL,same day stove repair oc,4,68,1,26.82,/services/oven-repair/,/book/,True,0,24,/book/::imp=24::pos=28.7::clk=1|/contact/::imp=23::pos=23.7::clk=0|/::imp=11::pos=15.6::clk=0|/los-angeles/::imp=10::pos=41.8::clk=0
LOW,garbage disposal repair,1,67,0,37.6,/services/garbage-disposal-repair/,/services/garbage-disposal-repair/,False,67,67,/services/garbage-disposal-repair/::imp=67::pos=37.6::clk=0
CRITICAL,refrigerator repair los angeles,4,66,0,38.56,/los-angeles/refrigerator-repair/,/services/refrigerator-repair/,True,0,28,/services/refrigerator-repair/::imp=28::pos=41.4::clk=0|/services/refrigerator-repair-los-angeles/::imp=20::pos=31.2::clk=0|/areas/los-angeles-and-surrounding-areas/::imp=10::pos=50.2::clk=0|/los-angeles/::imp=8::pos=32.5::clk=0
CRITICAL,appliance repair santa monica ca,2,64,0,10.15,/santa-monica/,/los-angeles/,True,16,48,/los-angeles/::imp=48::pos=1.0::clk=0|/santa-monica/::imp=16::pos=37.6::clk=0
CRITICAL,appliance repair moorpark ca,2,61,0,11.14,/moorpark/,/thousand-oaks/,True,19,42,/thousand-oaks/::imp=42::pos=1.2::clk=0|/moorpark/::imp=19::pos=33.1::clk=0
MEDIUM,commercial washer repair,2,60,0,52.73,/commercial/washer-repair/,/commercial/washer-repair/,False,33,33,/commercial/washer-repair/::imp=33::pos=62.9::clk=0|/commercial/laundry-repair/::imp=27::pos=40.3::clk=0
MEDIUM,dishwasher service,4,60,0,38.7,/services/dishwasher-repair/,/services/dishwasher-repair/,False,19,19,/services/dishwasher-repair/::imp=19::pos=52.2::clk=0|/agoura-hills/::imp=15::pos=34.1::clk=0|/calabasas/::imp=14::pos=42.2::clk=0|/thousand-oaks/::imp=12::pos=19.0::clk=0
MEDIUM,appliance repair ventura ca,2,59,0,62.44,/ventura/,/ventura/,False,30,30,/ventura/::imp=30::pos=55.8::clk=0|/ventura-county/::imp=29::pos=69.3::clk=0
LOW,appliance repair pasadena ca,1,58,0,33.4,/pasadena/,/pasadena/,False,58,58,/pasadena/::imp=58::pos=33.4::clk=0
CRITICAL,electric wall heater repair,1,55,0,43.9,/,/services/wall-heater-repair-los-angeles/,True,0,55,/services/wall-heater-repair-los-angeles/::imp=55::pos=43.9::clk=0
CRITICAL,outdoor grill repair,2,55,0,56.01,/outdoor/grill-repair/,/services/bbq-grill-repair-los-angeles/,True,0,37,/services/bbq-grill-repair-los-angeles/::imp=37::pos=47.4::clk=0|/services/bbq-grill-repair/::imp=18::pos=73.7::clk=0
CRITICAL,range service,3,55,0,34.7,/services/oven-repair/,/services/range-repair-los-angeles/,True,0,41,/services/range-repair-los-angeles/::imp=41::pos=34.4::clk=0|/west-hollywood/range-repair/::imp=9::pos=43.8::clk=0|/agoura-hills/::imp=5::pos=20.8::clk=0
LOW,appliance repair burbank,1,54,0,56.9,/burbank/,/burbank/,False,54,54,/burbank/::imp=54::pos=56.9::clk=0
CRITICAL,commercial slushie machine repair,3,54,0,22.63,/,/price-list/commercial-slushie-machine-repair-cost/,True,0,29,/price-list/commercial-slushie-machine-repair-cost/::imp=29::pos=17.2::clk=0|/services/commercial-slushie-machine-repair-los-angeles/::imp=18::pos=24.4::clk=0|/commercial/ice-machines/::imp=7::pos=40.6::clk=0
CRITICAL,repair deep fryer,2,54,0,62.24,/commercial/fryer-repair/,/services/commercial-fryer-machine-repair-los-angeles/,True,11,43,/services/commercial-fryer-machine-repair-los-angeles/::imp=43::pos=58.8::clk=0|/commercial/fryer-repair/::imp=11::pos=75.7::clk=0
CRITICAL,same day service,3,54,0,16.82,/,/book/,True,0,40,/book/::imp=40::pos=21.9::clk=0|/los-angeles/::imp=7::pos=1.3::clk=0|/west-hollywood/::imp=7::pos=3.3::clk=0
MEDIUM,appliance repair hollywood ca,2,52,0,22.74,/hollywood/,/hollywood/,False,32,32,/hollywood/::imp=32::pos=21.7::clk=0|/west-hollywood/::imp=20::pos=24.4::clk=0
LOW,trash compactor repair,1,49,0,55.7,/services/trash-compactor-repair/,/services/trash-compactor-repair/,False,49,49,/services/trash-compactor-repair/::imp=49::pos=55.7::clk=0
HIGH,emergency ammonia refrigeration repair california,3,48,0,58.6,/,/commercial/refrigeration/,True,0,24,/commercial/refrigeration/::imp=24::pos=53.1::clk=0|/commercial/refrigerator-repair/::imp=13::pos=57.6::clk=0|/services/outdoor-refrigerator-repair/::imp=11::pos=71.8::clk=0
HIGH,fridge repair near me,7,48,0,18.61,/services/refrigerator-repair/,/pasadena/,True,0,16,/pasadena/::imp=16::pos=12.4::clk=0|/anaheim/::imp=7::pos=18.1::clk=0|/chino-hills/::imp=5::pos=36.8::clk=0|/hemet/::imp=5::pos=16.6::clk=0|/redlands/::imp=5::pos=17.6::clk=0
HIGH,range repair,4,48,0,34.18,/services/oven-repair/,/agoura-hills/,True,0,16,/agoura-hills/::imp=16::pos=35.2::clk=0|/services/range-repair-los-angeles/::imp=14::pos=33.3::clk=0|/calabasas/::imp=13::pos=42.1::clk=0|/beverly-hills/::imp=5::pos=12.8::clk=0
HIGH,appliance repair marina del rey ca,2,47,0,9.67,/marina-del-rey/,/los-angeles/,True,20,27,/los-angeles/::imp=27::pos=3.2::clk=0|/marina-del-rey/::imp=20::pos=18.4::clk=0
HIGH,appliance repair west los angeles,2,46,0,13.61,/los-angeles/,/west-hollywood/,True,16,30,/west-hollywood/::imp=30::pos=19.7::clk=0|/los-angeles/::imp=16::pos=2.2::clk=0
HIGH,lg washer repair,1,46,0,74.7,/brands/lg-washer-repair-washer-repair/,/brands/lg/,True,0,46,/brands/lg/::imp=46::pos=74.7::clk=0
HIGH,commercial deep fryer repair,2,45,0,63.2,/commercial/fryer-repair/,/services/commercial-fryer-machine-repair-los-angeles/,True,9,36,/services/commercial-fryer-machine-repair-los-angeles/::imp=36::pos=59.4::clk=0|/commercial/fryer-repair/::imp=9::pos=78.4::clk=0
HIGH,commercial pizza oven repair,1,45,0,77.1,/outdoor/pizza-oven-repair/,/commercial/pizza-oven-repair/,True,0,45,/commercial/pizza-oven-repair/::imp=45::pos=77.1::clk=0
LOW,dishwasher repair cost,1,45,0,39.9,/price-list/dishwasher-repair-cost/,/price-list/dishwasher-repair-cost/,False,45,45,/price-list/dishwasher-repair-cost/::imp=45::pos=39.9::clk=0
HIGH,emergency refrigerator repair,4,45,0,22.58,/services/refrigerator-repair/,/west-hollywood/,True,0,15,/west-hollywood/::imp=15::pos=9.6::clk=0|/beverly-hills/::imp=13::pos=24.6::clk=0|/areas/los-angeles-and-surrounding-areas/::imp=11::pos=30.3::clk=0|/los-angeles/::imp=6::pos=36.5::clk=0
LOW,appliance repair burbank ca,1,44,0,51.8,/burbank/,/burbank/,False,44,44,/burbank/::imp=44::pos=51.8::clk=0
HIGH,appliance repair venice ca,1,44,0,19.6,/,/los-angeles/,True,0,44,/los-angeles/::imp=44::pos=19.6::clk=0
HIGH,commercial gas fryer repair,2,44,0,77.45,/commercial/fryer-repair/,/services/commercial-fryer-machine-repair-los-angeles/,True,19,25,/services/commercial-fryer-machine-repair-los-angeles/::imp=25::pos=72.7::clk=0|/commercial/fryer-repair/::imp=19::pos=83.7::clk=0
LOW,cost to fix garbage disposal,1,44,0,46.0,/price-list/garbage-disposal-repair-cost/,/price-list/garbage-disposal-repair-cost/,False,44,44,/price-list/garbage-disposal-repair-cost/::imp=44::pos=46.0::clk=0
LOW,appliance repair pasadena,1,43,0,44.3,/pasadena/,/pasadena/,False,43,43,/pasadena/::imp=43::pos=44.3::clk=0
HIGH,appliance repair west hollywood ca,1,43,0,2.0,/hollywood/,/west-hollywood/,True,0,43,/west-hollywood/::imp=43::pos=2.0::clk=0
MEDIUM,dishwasher door spring repair cost,2,43,0,13.94,/price-list/dishwasher-repair-cost/,/price-list/dishwasher-repair-cost/,False,36,36,/price-list/dishwasher-repair-cost/::imp=36::pos=12.1::clk=0|/price-list/dishwasher-door-spring-repair-cost/::imp=7::pos=23.4::clk=0
HIGH,refrigirator repair service,2,43,0,1.0,/,/los-angeles/,True,0,29,/los-angeles/::imp=29::pos=1.0::clk=0|/west-hollywood/::imp=14::pos=1.0::clk=0
MEDIUM,wine cellar repair,2,43,0,52.44,/services/wine-cellar-cooling-repair/,/services/wine-cellar-cooling-repair/,False,25,25,/services/wine-cellar-cooling-repair/::imp=25::pos=77.6::clk=0|/services/wine-cooler-repair/::imp=18::pos=17.5::clk=0
HIGH,fireplace repair los angeles,1,42,0,22.5,/outdoor/fireplace-repair/,/services/fireplace-repair-los-angeles/,True,0,42,/services/fireplace-repair-los-angeles/::imp=42::pos=22.5::clk=0
HIGH,same day appliance repair orange county,3,42,0,23.34,/,/book/,True,15,18,/book/::imp=18::pos=43.6::clk=0|/::imp=15::pos=6.3::clk=0|/orange-county/::imp=9::pos=11.2::clk=0
HIGH,walk-in refrigerator repair,1,42,0,36.8,/services/refrigerator-repair/,/,True,0,42,/::imp=42::pos=36.8::clk=0
HIGH,ac service cost,1,41,0,72.5,/,/price-list/air-conditioner-repair-cost/,True,0,41,/price-list/air-conditioner-repair-cost/::imp=41::pos=72.5::clk=0
HIGH,appliance repair simi valley ca,2,41,0,8.68,/simi-valley/,/thousand-oaks/,True,5,36,/thousand-oaks/::imp=36::pos=1.3::clk=0|/simi-valley/::imp=5::pos=61.8::clk=0
HIGH,refrigirator repair,2,41,0,1.0,/,/los-angeles/,True,0,30,/los-angeles/::imp=30::pos=1.0::clk=0|/west-hollywood/::imp=11::pos=1.0::clk=0
HIGH,wine cellar cooling unit repair los angeles,5,41,0,33.4,/los-angeles/wine-cellar-cooling-repair/,/price-list/wine-cellar-repair-cost/,True,0,16,/price-list/wine-cellar-repair-cost/::imp=16::pos=11.2::clk=0|/services/wine-cooler-repair-los-angeles/::imp=8::pos=52.0::clk=0|/services/wine-cellar-repair-los-angeles/::imp=7::pos=26.9::clk=0|/services/wine-cellar-cooling-repair/::imp=5::pos=70.6::clk=0|/services/wine-cellar-repair/::imp=5::pos=46.6::clk=0
HIGH,24 hour industrial refrigeration service california,2,40,0,64.56,/,/services/outdoor-refrigerator-repair/,True,0,21,/services/outdoor-refrigerator-repair/::imp=21::pos=66.7::clk=0|/commercial/refrigeration/::imp=19::pos=62.2::clk=0
MEDIUM,microwave repair,2,40,0,47.49,/services/microwave-repair/,/services/microwave-repair/,False,34,34,/services/microwave-repair/::imp=34::pos=53.0::clk=0|/services/microwave-repair-los-angeles/::imp=6::pos=16.3::clk=0
MEDIUM,commercial washer and dryer repair,2,39,0,53.29,/commercial/washer-repair/,/commercial/washer-repair/,False,22,22,/commercial/washer-repair/::imp=22::pos=63.8::clk=0|/commercial/laundry-repair/::imp=17::pos=39.7::clk=0
HIGH,oven service,3,38,0,27.82,/services/oven-repair/,/agoura-hills/,True,0,15,/agoura-hills/::imp=15::pos=32.8::clk=0|/calabasas/::imp=14::pos=32.6::clk=0|/services/oven-repair-los-angeles/::imp=9::pos=12.1::clk=0
HIGH,thermador repair,2,38,0,1.0,/brands/thermador/,/west-hollywood/,True,0,26,/west-hollywood/::imp=26::pos=1.0::clk=0|/los-angeles/::imp=12::pos=1.0::clk=0
HIGH,ac repair cost,1,37,0,68.0,/,/price-list/air-conditioner-repair-cost/,True,0,37,/price-list/air-conditioner-repair-cost/::imp=37::pos=68.0::clk=0
LOW,appliance repair calabasas,1,37,0,58.1,/calabasas/,/calabasas/,False,37,37,/calabasas/::imp=37::pos=58.1::clk=0
LOW,appliance repair woodland hills ca,1,37,0,58.6,/woodland-hills/,/woodland-hills/,False,37,37,/woodland-hills/::imp=37::pos=58.6::clk=0
HIGH,dryer repair pasadena,1,37,0,45.0,/pasadena/dryer-repair/,/pasadena/,True,0,37,/pasadena/::imp=37::pos=45.0::clk=0
HIGH,fireplace repair cost,1,37,0,18.6,/outdoor/fireplace-repair/,/price-list/fireplace-repair-cost/,True,0,37,/price-list/fireplace-repair-cost/::imp=37::pos=18.6::clk=0
HIGH,refrigerator repair los angeles ca,3,37,0,62.82,/los-angeles/refrigerator-repair/,/los-angeles/,True,0,17,/los-angeles/::imp=17::pos=48.7::clk=0|/services/refrigerator-repair/::imp=15::pos=80.3::clk=0|/services/refrigerator-repair-los-angeles/::imp=5::pos=58.4::clk=0
HIGH,wine cooler repair,2,37,0,42.68,/services/wine-cooler-repair/,/services/wine-cooler-repair-los-angeles/,True,14,23,/services/wine-cooler-repair-los-angeles/::imp=23::pos=59.9::clk=0|/services/wine-cooler-repair/::imp=14::pos=14.4::clk=0
HIGH,lg dishwasher repair,1,36,0,51.1,/brands/lg-dishwasher-repair-dishwasher-repair/,/brands/lg/,True,0,36,/brands/lg/::imp=36::pos=51.1::clk=0
LOW,refrigerator repair cost,1,36,0,69.7,/price-list/refrigerator-repair-cost/,/price-list/refrigerator-repair-cost/,False,36,36,/price-list/refrigerator-repair-cost/::imp=36::pos=69.7::clk=0
HIGH,wine guardian repair los angeles,4,36,0,12.87,/brands/wine-guardian-repair/,/services/wine-cellar-repair-los-angeles/,True,5,15,/services/wine-cellar-repair-los-angeles/::imp=15::pos=14.3::clk=0|/services/wine-cellar-repair/::imp=10::pos=10.8::clk=0|/price-list/wine-cellar-repair-cost/::imp=6::pos=12.3::clk=0|/brands/wine-guardian-repair/::imp=5::pos=13.4::clk=0
LOW,appliance repair studio city,1,35,0,54.6,/studio-city/,/studio-city/,False,35,35,/studio-city/::imp=35::pos=54.6::clk=0
HIGH,fryer repair,1,35,0,51.2,/commercial/fryer-repair/,/services/commercial-fryer-machine-repair-los-angeles/,True,0,35,/services/commercial-fryer-machine-repair-los-angeles/::imp=35::pos=51.2::clk=0
HIGH,woodland hills stove repair,1,35,0,68.8,/woodland-hills/oven-repair/,/woodland-hills/,True,0,35,/woodland-hills/::imp=35::pos=68.8::clk=0
LOW,appliance repair thousand oaks,1,34,1,18.7,/thousand-oaks/,/thousand-oaks/,False,34,34,/thousand-oaks/::imp=34::pos=18.7::clk=1
HIGH,cellarpro repair los angeles,3,34,0,11.44,/brands/cellarpro/,/services/wine-cellar-repair/,True,0,21,/services/wine-cellar-repair/::imp=21::pos=11.6::clk=0|/services/wine-cellar-repair-los-angeles/::imp=7::pos=14.6::clk=0|/los-angeles/::imp=6::pos=7.2::clk=0
HIGH,dryer repair burbank,1,34,0,61.9,/burbank/dryer-repair/,/burbank/,True,0,34,/burbank/::imp=34::pos=61.9::clk=0
LOW,highland park appliance repair,1,34,0,40.1,/highland-park/,/highland-park/,False,34,34,/highland-park/::imp=34::pos=40.1::clk=0
HIGH,outdoor kitchen repair,2,34,0,26.0,/outdoor/outdoor-kitchen-repair/,/outdoor/,True,0,17,/outdoor/::imp=17::pos=37.1::clk=0|/services/bbq-grill-repair-los-angeles/::imp=17::pos=14.9::clk=0
HIGH,appliance repair san bernardino ca,2,33,0,54.69,/san-bernardino/,/san-bernardino-county/,True,16,17,/san-bernardino-county/::imp=17::pos=51.2::clk=0|/san-bernardino/::imp=16::pos=58.4::clk=0
HIGH,commercial laundry machine repair,3,33,0,73.38,/,/commercial/laundry-repair/,True,0,12,/commercial/laundry-repair/::imp=12::pos=83.9::clk=0|/services/commercial-laundry-machine-repair-los-angeles/::imp=11::pos=54.7::clk=0|/commercial/washer-repair/::imp=10::pos=81.3::clk=0
LOW,ice maker repair,1,33,0,20.3,/services/ice-maker-repair/,/services/ice-maker-repair/,False,33,33,/services/ice-maker-repair/::imp=33::pos=20.3::clk=0
HIGH,walk in freezer repair,1,33,0,36.6,/services/refrigerator-repair/,/,True,0,33,/::imp=33::pos=36.6::clk=0
HIGH,walk-in cooler repair near me,1,33,0,63.0,/commercial/walk-in-cooler-repair/,/,True,0,33,/::imp=33::pos=63.0::clk=0
LOW,appliance repair highland park,1,32,0,37.0,/highland-park/,/highland-park/,False,32,32,/highland-park/::imp=32::pos=37.0::clk=0
HIGH,appliance repair los angeles,2,32,0,43.68,/los-angeles/,/areas/los-angeles-and-surrounding-areas/,True,7,25,/areas/los-angeles-and-surrounding-areas/::imp=25::pos=51.6::clk=0|/los-angeles/::imp=7::pos=15.4::clk=0
HIGH,appliance repair ventura,2,32,0,65.9,/ventura/,/ventura-county/,True,16,16,/ventura-county/::imp=16::pos=72.8::clk=0|/ventura/::imp=16::pos=59.0::clk=0
HIGH,dishwasher repair near me,1,32,1,1.0,/services/dishwasher-repair/,/thousand-oaks/,True,0,32,/thousand-oaks/::imp=32::pos=1.0::clk=1
HIGH,lg refrigerator repair,2,32,0,65.97,/brands/lg-refrigerator-repair-refrigerator-repair/,/brands/lg/,True,0,27,/brands/lg/::imp=27::pos=70.6::clk=0|/los-angeles/::imp=5::pos=41.0::clk=0
HIGH,refrigerator repair monterey,1,32,0,45.4,/services/refrigerator-repair/,/monterey-park/,True,0,32,/monterey-park/::imp=32::pos=45.4::clk=0
HIGH,same-day appliance repair reviews,1,32,0,5.0,/,/reviews-page/,True,0,32,/reviews-page/::imp=32::pos=5.0::clk=0
HIGH,walk in wine cellar repair,2,32,0,20.53,/services/wine-cellar-cooling-repair/,/services/wine-cellar-repair-los-angeles/,True,0,17,/services/wine-cellar-repair-los-angeles/::imp=17::pos=24.8::clk=0|/services/wine-cooler-repair/::imp=15::pos=15.7::clk=0
HIGH,bull outdoor refrigerator repair,2,31,0,40.46,/outdoor/outdoor-refrigerator-repair/,/services/outdoor-refrigerator-repair/,True,0,16,/services/outdoor-refrigerator-repair/::imp=16::pos=25.8::clk=0|/outdoor/::imp=15::pos=56.1::clk=0
LOW,fridge repair cost,1,31,0,75.0,/price-list/refrigerator-repair-cost/,/price-list/refrigerator-repair-cost/,False,31,31,/price-list/refrigerator-repair-cost/::imp=31::pos=75.0::clk=0
HIGH,ice maker repair near me,4,31,0,15.36,/services/ice-maker-repair/,/anaheim/,True,0,10,/anaheim/::imp=10::pos=14.0::clk=0|/rancho-cucamonga/::imp=10::pos=16.0::clk=0|/san-bernardino-county/::imp=6::pos=17.2::clk=0|/san-bernardino/::imp=5::pos=14.6::clk=0
HIGH,walk in cooler repair,1,31,0,27.7,/commercial/walk-in-cooler-repair/,/,True,0,31,/::imp=31::pos=27.7::clk=0
HIGH,wall heater repair,1,31,0,59.4,/,/services/wall-heater-repair-los-angeles/,True,0,31,/services/wall-heater-repair-los-angeles/::imp=31::pos=59.4::clk=0
MEDIUM,appliance repair south pasadena,2,30,0,39.3,/pasadena/,/pasadena/,False,15,15,/pasadena/::imp=15::pos=49.6::clk=0|/south-pasadena/::imp=15::pos=29.0::clk=0
HIGH,combi oven repair,2,30,0,20.7,/commercial/combi-oven-repair/,/services/wall-oven-repair/,True,0,18,/services/wall-oven-repair/::imp=18::pos=22.7::clk=0|/commercial/oven-repair/combi-oven-repair/::imp=12::pos=17.7::clk=0
HIGH,dryer repair ventura,2,30,0,61.85,/ventura/dryer-repair/,/ventura/,True,0,16,/ventura/::imp=16::pos=57.6::clk=0|/ventura-county/::imp=14::pos=66.7::clk=0
HIGH,fridge repair,4,30,0,17.58,/services/refrigerator-repair/,/pasadena/,True,0,15,/pasadena/::imp=15::pos=16.1::clk=0|/riverside/::imp=5::pos=31.0::clk=0|/services/refrigerator-repair-los-angeles/::imp=5::pos=25.2::clk=0|/west-hollywood/::imp=5::pos=1.0::clk=0
LOW,garbage disposal repair cost,1,30,0,43.0,/price-list/garbage-disposal-repair-cost/,/price-list/garbage-disposal-repair-cost/,False,30,30,/price-list/garbage-disposal-repair-cost/::imp=30::pos=43.0::clk=0
HIGH,oven repair burbank,1,30,0,60.3,/burbank/oven-repair/,/burbank/,True,0,30,/burbank/::imp=30::pos=60.3::clk=0
HIGH,wine guardian repair,4,30,0,20.2,/brands/wine-guardian-repair/,/services/wine-cellar-repair/,True,6,10,/services/wine-cellar-repair/::imp=10::pos=15.8::clk=0|/services/wine-cellar-repair-los-angeles/::imp=9::pos=13.1::clk=0|/brands/wine-guardian-repair/::imp=6::pos=22.0::clk=0|/services/wine-cellar-cooling-repair/::imp=5::pos=39.6::clk=0
HIGH,woodland hills dryer repair,1,30,0,62.0,/woodland-hills/dryer-repair/,/woodland-hills/,True,0,30,/woodland-hills/::imp=30::pos=62.0::clk=0
HIGH,woodland hills oven repair,1,30,0,64.0,/woodland-hills/oven-repair/,/woodland-hills/,True,0,30,/woodland-hills/::imp=30::pos=64.0::clk=0
LOW,ac repair service in redlands,1,29,0,77.9,/redlands/,/redlands/,False,29,29,/redlands/::imp=29::pos=77.9::clk=0
LOW,appliance repair brentwood,1,29,0,39.9,/brentwood/,/brentwood/,False,29,29,/brentwood/::imp=29::pos=39.9::clk=0
MEDIUM,appliance repair monterey park ca,2,29,0,18.66,/monterey-park/,/monterey-park/,False,20,20,/monterey-park/::imp=20::pos=17.6::clk=0|/west-hollywood/::imp=9::pos=21.0::clk=0
MEDIUM,appliance repair sherman oaks ca,2,29,0,60.49,/sherman-oaks/,/sherman-oaks/,False,15,15,/sherman-oaks/::imp=15::pos=58.7::clk=0|/west-hollywood/::imp=14::pos=62.4::clk=0
HIGH,dryer service,2,29,0,28.74,/services/dryer-repair/,/agoura-hills/,True,0,15,/agoura-hills/::imp=15::pos=31.3::clk=0|/calabasas/::imp=14::pos=26.0::clk=0
MEDIUM,wine cooler repair cost,2,29,0,17.97,/price-list/wine-cooler-repair-cost/,/price-list/wine-cooler-repair-cost/,False,18,18,/price-list/wine-cooler-repair-cost/::imp=18::pos=8.9::clk=0|/price-list/commercial-wine-cooler-repair-cost/::imp=11::pos=32.8::clk=0
LOW,appliance repair laguna niguel ca,1,28,0,49.6,/laguna-niguel/,/laguna-niguel/,False,28,28,/laguna-niguel/::imp=28::pos=49.6::clk=0
HIGH,appliance repair ventura county,2,28,0,62.75,/ventura/,/ventura-county/,True,14,14,/ventura-county/::imp=14::pos=66.4::clk=0|/ventura/::imp=14::pos=59.1::clk=0
HIGH,commercial barbecue repair,1,28,0,20.6,/,/services/bbq-grill-repair-los-angeles/,True,0,28,/services/bbq-grill-repair-los-angeles/::imp=28::pos=20.6::clk=0
HIGH,same day hvac repair,1,28,0,7.1,/,/services/hvac-repair-los-angeles/,True,0,28,/services/hvac-repair-los-angeles/::imp=28::pos=7.1::clk=0
HIGH,stove service,2,28,0,29.16,/services/oven-repair/,/services/stove-repair-los-angeles/,True,0,18,/services/stove-repair-los-angeles/::imp=18::pos=14.7::clk=0|/services/stove-repair/::imp=10::pos=55.2::clk=0
HIGH,whisperkool repair los angeles,3,28,0,14.56,/brands/whisperkool/,/price-list/wine-cellar-repair-cost/,True,0,12,/price-list/wine-cellar-repair-cost/::imp=12::pos=11.2::clk=0|/services/wine-cellar-repair/::imp=10::pos=11.3::clk=0|/los-angeles/::imp=6::pos=26.7::clk=0
MEDIUM,wine cooler compressor replacement cost,2,28,0,15.23,/price-list/wine-cooler-repair-cost/,/price-list/wine-cooler-repair-cost/,False,15,15,/price-list/wine-cooler-repair-cost/::imp=15::pos=12.4::clk=0|/price-list/commercial-wine-cooler-repair-cost/::imp=13::pos=18.5::clk=0
LOW,appliance repair upland,1,27,0,25.1,/upland/,/upland/,False,27,27,/upland/::imp=27::pos=25.1::clk=0
HIGH,appliance repair west la,1,27,0,14.8,/los-angeles/,/west-hollywood/,True,0,27,/west-hollywood/::imp=27::pos=14.8::clk=0
HIGH,appliane repair culver city ca,1,27,0,21.0,/culver-city/,/west-hollywood/,True,0,27,/west-hollywood/::imp=27::pos=21.0::clk=0
MEDIUM,commercial washing machine repair,3,27,0,72.81,/commercial/washer-repair/,/commercial/washer-repair/,False,16,16,/commercial/washer-repair/::imp=16::pos=77.3::clk=0|/services/commercial-laundry-machine-repair-los-angeles/::imp=6::pos=65.2::clk=0|/commercial/laundry-repair/::imp=5::pos=67.6::clk=0
HIGH,gas fireplace repair cost,1,27,0,16.9,/outdoor/fireplace-repair/,/price-list/fireplace-repair-cost/,True,0,27,/price-list/fireplace-repair-cost/::imp=27::pos=16.9::clk=0
HIGH,walk in freezer repair near me,1,27,0,50.7,/services/refrigerator-repair/,/,True,0,27,/::imp=27::pos=50.7::clk=0
HIGH,washer repair near me,2,27,0,16.21,/services/washer-repair/,/rancho-cucamonga/,True,0,15,/rancho-cucamonga/::imp=15::pos=17.5::clk=0|/pasadena/::imp=12::pos=14.6::clk=0
HIGH,commercial holding cabinet repair,1,26,0,19.1,/,/commercial/holding-cabinet-repair/,True,0,26,/commercial/holding-cabinet-repair/::imp=26::pos=19.1::clk=0
HIGH,commercial laundry repair,2,26,0,65.98,/,/commercial/laundry-repair/,True,0,16,/commercial/laundry-repair/::imp=16::pos=79.6::clk=0|/commercial/washer-repair/::imp=10::pos=44.2::clk=0
HIGH,lg washing machine repair near me,1,26,0,2.9,/brands/lg-washer-repair/,/west-hollywood/,True,0,26,/west-hollywood/::imp=26::pos=2.9::clk=0
LOW,range hood repair,1,26,0,70.7,/services/range-hood-repair/,/services/range-hood-repair/,False,26,26,/services/range-hood-repair/::imp=26::pos=70.7::clk=0
HIGH,small appliance repair ventura ca,2,26,0,62.4,/ventura/,/ventura-county/,True,13,13,/ventura-county/::imp=13::pos=66.1::clk=0|/ventura/::imp=13::pos=58.7::clk=0
MEDIUM,wine cellar cooling unit repair,2,26,0,68.45,/services/wine-cellar-cooling-repair/,/services/wine-cellar-cooling-repair/,False,13,13,/services/wine-cellar-cooling-repair/::imp=13::pos=77.9::clk=0|/services/wine-cellar-repair-los-angeles/::imp=13::pos=59.0::clk=0
HIGH,woodland hills washer repair,1,26,0,64.7,/woodland-hills/washer-repair/,/woodland-hills/,True,0,26,/woodland-hills/::imp=26::pos=64.7::clk=0
HIGH,commercial dryer repair,1,25,0,35.0,/commercial/dryer-repair/,/commercial/laundry-repair/,True,0,25,/commercial/laundry-repair/::imp=25::pos=35.0::clk=0
HIGH,dacor appliance repair,1,25,0,1.0,/brands/dacor/,/west-hollywood/,True,0,25,/west-hollywood/::imp=25::pos=1.0::clk=0
HIGH,gas stove repair near me,3,25,0,34.59,/services/oven-repair/,/services/stove-repair-los-angeles/,True,0,12,/services/stove-repair-los-angeles/::imp=12::pos=10.2::clk=0|/services/range-repair-los-angeles/::imp=7::pos=52.9::clk=0|/services/stove-repair/::imp=6::pos=62.0::clk=0
HIGH,outdoor gas grill repair,2,25,0,64.46,/outdoor/grill-repair/,/services/bbq-grill-repair-los-angeles/,True,0,18,/services/bbq-grill-repair-los-angeles/::imp=18::pos=63.9::clk=0|/services/bbq-grill-repair/::imp=7::pos=65.9::clk=0
HIGH,refrigerator repair ventura ca,2,25,0,61.99,/ventura/refrigerator-repair/,/ventura-county/,True,0,13,/ventura-county/::imp=13::pos=62.9::clk=0|/ventura/::imp=12::pos=61.0::clk=0
HIGH,stacked dryer repair,2,25,0,60.62,/services/dryer-repair/,/services/stackable-washer-dryer-repair/,True,0,15,/services/stackable-washer-dryer-repair/::imp=15::pos=62.7::clk=0|/price-list/stackable-washer-dryer-repair-cost/::imp=10::pos=57.5::clk=0
LOW,thousand oaks appliance repair,1,25,1,18.1,/thousand-oaks/,/thousand-oaks/,False,25,25,/thousand-oaks/::imp=25::pos=18.1::clk=1
HIGH,walk in cooler repair near me,1,25,0,30.0,/commercial/walk-in-cooler-repair/,/,True,0,25,/::imp=25::pos=30.0::clk=0
HIGH,washer repair ventura,2,25,0,65.82,/ventura/washer-repair/,/ventura/,True,0,15,/ventura/::imp=15::pos=59.9::clk=0|/ventura-county/::imp=10::pos=74.7::clk=0
MEDIUM,appliance repair beverly hills,2,24,0,21.19,/beverly-hills/,/beverly-hills/,False,13,13,/beverly-hills/::imp=13::pos=36.5::clk=0|/west-hollywood/::imp=11::pos=3.1::clk=0
HIGH,cove dishwasher repair brentwood,1,24,0,18.5,/brands/cove-dishwasher-repair-dishwasher-repair/,/brentwood/,True,0,24,/brentwood/::imp=24::pos=18.5::clk=0
HIGH,electrical bbq repair,1,24,0,15.3,/outdoor/grill-repair/,/services/bbq-grill-repair-los-angeles/,True,0,24,/services/bbq-grill-repair-los-angeles/::imp=24::pos=15.3::clk=0
HIGH,gas fryer repair,1,24,0,66.5,/commercial/fryer-repair/,/services/commercial-fryer-machine-repair-los-angeles/,True,0,24,/services/commercial-fryer-machine-repair-los-angeles/::imp=24::pos=66.5::clk=0
HIGH,oven repair los angeles,1,24,0,22.8,/los-angeles/oven-repair/,/services/oven-repair-los-angeles/,True,0,24,/services/oven-repair-los-angeles/::imp=24::pos=22.8::clk=0
HIGH,stove repair pasadena,2,24,0,45.67,/pasadena/oven-repair/,/pasadena/,True,0,16,/pasadena/::imp=16::pos=41.1::clk=0|/south-pasadena/::imp=8::pos=54.8::clk=0
LOW,appliance repair in woodland hills,1,23,0,80.5,/woodland-hills/,/woodland-hills/,False,23,23,/woodland-hills/::imp=23::pos=80.5::clk=0
HIGH,appliance repair monterey,1,23,0,42.1,/,/monterey-park/,True,0,23,/monterey-park/::imp=23::pos=42.1::clk=0
MEDIUM,appliance repair toluca lake,2,23,0,23.52,/toluca-lake/,/toluca-lake/,False,16,16,/toluca-lake/::imp=16::pos=18.5::clk=0|/burbank/::imp=7::pos=35.0::clk=0
LOW,commercial steamer repair,1,23,0,65.0,/commercial/steamer-repair/,/commercial/steamer-repair/,False,23,23,/commercial/steamer-repair/::imp=23::pos=65.0::clk=0
HIGH,emergency industrial refrigeration repair california,1,23,0,65.7,/,/commercial/refrigeration/,True,0,23,/commercial/refrigeration/::imp=23::pos=65.7::clk=0
HIGH,freezer repair,1,23,0,11.2,/services/refrigerator-repair/,/services/freezer-repair-los-angeles/,True,0,23,/services/freezer-repair-los-angeles/::imp=23::pos=11.2::clk=0
HIGH,maytag dryer repair,2,23,0,52.42,/brands/maytag-dryer-repair-dryer-repair/,/brands/maytag/,True,0,18,/brands/maytag/::imp=18::pos=66.7::clk=0|/west-hollywood/::imp=5::pos=1.0::clk=0
HIGH,pizza oven repair,2,23,0,64.9,/outdoor/pizza-oven-repair/,/commercial/pizza-oven-repair/,True,0,17,/commercial/pizza-oven-repair/::imp=17::pos=64.8::clk=0|/services/pizza-oven-repair/::imp=6::pos=65.2::clk=0
HIGH,refrigeration repair near me,1,23,0,86.4,/,/riverside-county/,True,0,23,/riverside-county/::imp=23::pos=86.4::clk=0
HIGH,woodland hills ge repair,1,23,0,58.9,/brands/ge/,/woodland-hills/,True,0,23,/woodland-hills/::imp=23::pos=58.9::clk=0
MEDIUM,appliance repair in riverside,2,22,0,59.6,/riverside/,/riverside/,False,14,14,/riverside/::imp=14::pos=56.4::clk=0|/riverside-county/::imp=8::pos=65.2::clk=0
HIGH,cooktop repair pasadena,2,22,0,40.84,/pasadena/cooktop-repair/,/pasadena/,True,0,17,/pasadena/::imp=17::pos=34.2::clk=0|/south-pasadena/::imp=5::pos=63.4::clk=0
HIGH,fireplace service los angeles,1,22,0,29.6,/outdoor/fireplace-repair/,/services/fireplace-repair-los-angeles/,True,0,22,/services/fireplace-repair-los-angeles/::imp=22::pos=29.6::clk=0
HIGH,freezer repair los angeles,3,22,0,43.62,/los-angeles/refrigerator-repair/,/services/freezer-repair-los-angeles/,True,0,12,/services/freezer-repair-los-angeles/::imp=12::pos=27.8::clk=0|/los-angeles/::imp=5::pos=62.6::clk=0|/services/freezer-repair/::imp=5::pos=62.6::clk=0
LOW,sub-zero repair laguna niguel,1,22,0,29.3,/laguna-niguel/,/laguna-niguel/,False,22,22,/laguna-niguel/::imp=22::pos=29.3::clk=0
MEDIUM,ventura appliance service,2,22,0,62.39,/ventura/,/ventura/,False,14,14,/ventura/::imp=14::pos=59.7::clk=0|/ventura-county/::imp=8::pos=67.1::clk=0
HIGH,walk in cooler repair anaheim ca,3,22,0,50.15,/commercial/walk-in-cooler-repair/,/anaheim/,True,0,8,/anaheim/::imp=8::pos=20.0::clk=0|/commercial/refrigeration/walk-in-cooler-repair/::imp=8::pos=69.0::clk=0|/::imp=6::pos=65.2::clk=0
HIGH,appliance repair los angeles ca,2,21,0,60.14,/los-angeles/,/areas/los-angeles-and-surrounding-areas/,True,8,13,/areas/los-angeles-and-surrounding-areas/::imp=13::pos=67.3::clk=0|/los-angeles/::imp=8::pos=48.5::clk=0
HIGH,california same day appliance repair,3,21,0,11.89,/,/west-hollywood/,True,6,8,/west-hollywood/::imp=8::pos=7.2::clk=0|/los-angeles/::imp=7::pos=24.7::clk=0|/::imp=6::pos=3.2::clk=0
HIGH,cellarpro repair,2,21,0,30.45,/brands/cellarpro/,/services/wine-cellar-repair-los-angeles/,True,0,16,/services/wine-cellar-repair-los-angeles/::imp=16::pos=22.4::clk=0|/services/wine-cellar-repair/::imp=5::pos=56.2::clk=0
HIGH,commercial appliance repair los angeles,3,21,0,63.66,/los-angeles/,/commercial/washer-repair/,True,0,9,/commercial/washer-repair/::imp=9::pos=65.0::clk=0|/::imp=6::pos=63.5::clk=0|/commercial/::imp=6::pos=61.8::clk=0
HIGH,commercial laundry equipment service,2,21,0,53.11,/,/commercial/washer-repair/,True,0,11,/commercial/washer-repair/::imp=11::pos=44.3::clk=0|/commercial/laundry-repair/::imp=10::pos=62.8::clk=0
LOW,pasadena appliance repair,1,21,0,47.8,/pasadena/,/pasadena/,False,21,21,/pasadena/::imp=21::pos=47.8::clk=0
HIGH,pasadena refrigerator repair,1,21,0,44.0,/pasadena/refrigerator-repair/,/pasadena/,True,0,21,/pasadena/::imp=21::pos=44.0::clk=0
HIGH,pizza ovens repair,2,21,0,42.11,/outdoor/pizza-oven-repair/,/price-list/pizza-oven-repair-cost/,True,0,13,/price-list/pizza-oven-repair-cost/::imp=13::pos=25.5::clk=0|/commercial/pizza-oven-repair/::imp=8::pos=69.1::clk=0
HIGH,refrigerator repair brentwood,1,21,0,36.8,/brentwood/refrigerator-repair/,/brentwood/,True,0,21,/brentwood/::imp=21::pos=36.8::clk=0
HIGH,refrigerator service,2,21,0,42.69,/services/refrigerator-repair/,/agoura-hills/,True,0,16,/agoura-hills/::imp=16::pos=36.9::clk=0|/areas/los-angeles-and-surrounding-areas/::imp=5::pos=61.2::clk=0
MEDIUM,small appliance repair pasadena ca,2,21,0,37.47,/pasadena/,/pasadena/,False,14,14,/pasadena/::imp=14::pos=28.5::clk=0|/south-pasadena/::imp=7::pos=55.4::clk=0
HIGH,walk-in freezer repair,1,21,0,43.9,/services/refrigerator-repair/,/,True,0,21,/::imp=21::pos=43.9::clk=0
HIGH,wolf range repair brentwood,1,21,0,22.8,/brands/wolf-range-repair-oven-repair/,/brentwood/,True,0,21,/brentwood/::imp=21::pos=22.8::clk=0
LOW,appliance maintenance burbank,1,20,0,57.3,/burbank/,/burbank/,False,20,20,/burbank/::imp=20::pos=57.3::clk=0
MEDIUM,appliance repair in pasadena ca,2,20,0,55.52,/pasadena/,/pasadena/,False,15,15,/pasadena/::imp=15::pos=48.3::clk=0|/south-pasadena/::imp=5::pos=77.2::clk=0
HIGH,appliance repair north hollywood,1,20,0,45.5,/hollywood/,/north-hollywood/,True,0,20,/north-hollywood/::imp=20::pos=45.5::clk=0
LOW,appliance repair riverside ca,1,20,0,51.8,/riverside/,/riverside/,False,20,20,/riverside/::imp=20::pos=51.8::clk=0
HIGH,los angeles fireplace repair,1,20,0,27.0,/outdoor/fireplace-repair/,/services/fireplace-repair-los-angeles/,True,0,20,/services/fireplace-repair-los-angeles/::imp=20::pos=27.0::clk=0
HIGH,portable bbq repair,1,20,0,24.4,/outdoor/grill-repair/,/services/bbq-grill-repair-los-angeles/,True,0,20,/services/bbq-grill-repair-los-angeles/::imp=20::pos=24.4::clk=0
HIGH,refrigerator repair pasadena,1,20,0,37.5,/pasadena/refrigerator-repair/,/pasadena/,True,0,20,/pasadena/::imp=20::pos=37.5::clk=0
HIGH,restaurant fryer repair,1,20,0,74.8,/commercial/fryer-repair/,/services/commercial-fryer-machine-repair-los-angeles/,True,0,20,/services/commercial-fryer-machine-repair-los-angeles/::imp=20::pos=74.8::clk=0
HIGH,washing machine repair near me,3,20,0,32.24,/services/washer-repair/,/services/washing-machine-repair-los-angeles/,True,0,8,/services/washing-machine-repair-los-angeles/::imp=8::pos=49.1::clk=0|/rancho-cucamonga/::imp=6::pos=17.8::clk=0|/west-hollywood/::imp=6::pos=24.2::clk=0
LOW,appliance maintenance pasadena,1,19,0,50.3,/pasadena/,/pasadena/,False,19,19,/pasadena/::imp=19::pos=50.3::clk=0
LOW,appliance repair culver city,1,19,1,28.9,/culver-city/,/culver-city/,False,19,19,/culver-city/::imp=19::pos=28.9::clk=1
LOW,appliance repair valley glen ca,1,19,0,53.6,/,/west-hollywood/,True,0,19,/west-hollywood/::imp=19::pos=53.6::clk=0
LOW,appliance service in pasadena,1,19,0,44.2,/pasadena/,/pasadena/,False,19,19,/pasadena/::imp=19::pos=44.2::clk=0
LOW,glendale same day heat pump repair,1,19,0,65.8,/glendale/,/glendale/,False,19,19,/glendale/::imp=19::pos=65.8::clk=0
LOW,home appliance repair near me,3,19,0,25.52,/,/pasadena/,True,0,8,/pasadena/::imp=8::pos=17.0::clk=0|/hemet/::imp=6::pos=17.8::clk=0|/west-hollywood/::imp=5::pos=48.4::clk=0
LOW,home appliance repair pasadena,1,19,0,38.7,/pasadena/,/pasadena/,False,19,19,/pasadena/::imp=19::pos=38.7::clk=0
LOW,same day ac repair calabasas,1,19,0,73.4,/calabasas/,/calabasas/,False,19,19,/calabasas/::imp=19::pos=73.4::clk=0
LOW,silver lake appliance repair,1,19,0,20.3,/silver-lake/,/silver-lake/,False,19,19,/silver-lake/::imp=19::pos=20.3::clk=0
LOW,water heater repair atwater village,1,19,0,49.4,/atwater-village/,/atwater-village/,False,19,19,/atwater-village/::imp=19::pos=49.4::clk=0
LOW,woodland hills appliance repair,1,19,0,68.2,/woodland-hills/,/woodland-hills/,False,19,19,/woodland-hills/::imp=19::pos=68.2::clk=0
LOW,ac repair toluca lake,1,18,0,32.2,/toluca-lake/,/toluca-lake/,False,18,18,/toluca-lake/::imp=18::pos=32.2::clk=0
LOW,appliance repair studio city ca,1,18,0,36.6,/studio-city/,/west-hollywood/,True,0,18,/west-hollywood/::imp=18::pos=36.6::clk=0
LOW,bbq grill repair,1,18,0,59.3,/outdoor/grill-repair/,/services/bbq-grill-repair-los-angeles/,True,0,18,/services/bbq-grill-repair-los-angeles/::imp=18::pos=59.3::clk=0
LOW,burbank appliance repair,1,18,0,57.1,/burbank/,/burbank/,False,18,18,/burbank/::imp=18::pos=57.1::clk=0
LOW,commercial laundry equipment repair,2,18,0,71.9,/,/commercial/laundry-repair/,True,0,12,/commercial/laundry-repair/::imp=12::pos=88.1::clk=0|/commercial/washer-repair/::imp=6::pos=39.5::clk=0
LOW,dryer repair highland park,1,18,0,38.2,/highland-park/dryer-repair/,/highland-park/,True,0,18,/highland-park/::imp=18::pos=38.2::clk=0
LOW,fridge repair burbank,1,18,0,61.3,/burbank/refrigerator-repair/,/burbank/,True,0,18,/burbank/::imp=18::pos=61.3::clk=0
LOW,gas fireplace repair los angeles,1,18,0,24.6,/outdoor/fireplace-repair/,/services/fireplace-repair-los-angeles/,True,0,18,/services/fireplace-repair-los-angeles/::imp=18::pos=24.6::clk=0
LOW,ice machine repair near me,2,18,0,13.31,/commercial/ice-machine-repair/,/san-bernardino/,True,0,10,/san-bernardino/::imp=10::pos=17.4::clk=0|/anaheim/::imp=8::pos=8.2::clk=0
LOW,los feliz appliance repair,1,18,0,9.9,/los-feliz/,/los-feliz/,False,18,18,/los-feliz/::imp=18::pos=9.9::clk=0
LOW,oven repair near me,2,18,0,8.47,/services/oven-repair/,/thousand-oaks/,True,0,10,/thousand-oaks/::imp=10::pos=1.0::clk=0|/rancho-cucamonga/::imp=8::pos=17.8::clk=0
LOW,refrigerator repair in glendale ca,1,18,0,51.9,/glendale/refrigerator-repair/,/glendale/,True,0,18,/glendale/::imp=18::pos=51.9::clk=0
LOW,same day commercial appliance repair,1,18,0,1.6,/,/west-hollywood/,True,0,18,/west-hollywood/::imp=18::pos=1.6::clk=0
LOW,walk in cooler fix,1,18,0,25.7,/commercial/walk-in-cooler-repair/,/,True,0,18,/::imp=18::pos=25.7::clk=0
LOW,walk in fridge repair,1,18,0,64.3,/services/refrigerator-repair/,/,True,0,18,/::imp=18::pos=64.3::clk=0
LOW,air conditioner tune up cost,1,17,0,85.3,/,/price-list/air-conditioner-repair-cost/,True,0,17,/price-list/air-conditioner-repair-cost/::imp=17::pos=85.3::clk=0
LOW,apartment washer service,1,17,0,34.5,/services/washer-repair/,/services/laundry-repair/,True,0,17,/services/laundry-repair/::imp=17::pos=34.5::clk=0
LOW,appliance installation pasadena,1,17,0,55.0,/pasadena/,/pasadena/,False,17,17,/pasadena/::imp=17::pos=55.0::clk=0
LOW,appliance repair beverly,1,17,0,51.6,/,/beverly-hills/,True,0,17,/beverly-hills/::imp=17::pos=51.6::clk=0
LOW,appliance repair burbank california,1,17,0,52.5,/burbank/,/burbank/,False,17,17,/burbank/::imp=17::pos=52.5::clk=0
LOW,appliance repair in pasadena,1,17,0,47.8,/pasadena/,/pasadena/,False,17,17,/pasadena/::imp=17::pos=47.8::clk=0
LOW,appliance repair marina,1,17,0,33.1,/,/marina-del-rey/,True,0,17,/marina-del-rey/::imp=17::pos=33.1::clk=0
LOW,appliance repair river village,1,17,0,25.2,/,/atwater-village/,True,0,17,/atwater-village/::imp=17::pos=25.2::clk=0
LOW,arcadia appliance repair,1,17,0,56.2,/arcadia/,/arcadia/,False,17,17,/arcadia/::imp=17::pos=56.2::clk=0
LOW,calabasas oven repair,1,17,0,79.7,/calabasas/oven-repair/,/calabasas/,True,0,17,/calabasas/::imp=17::pos=79.7::clk=0
LOW,commercial refrigeration repair costs by region us,1,17,0,9.5,/,/price-list/commercial-refrigerator-repair-cost/,True,0,17,/price-list/commercial-refrigerator-repair-cost/::imp=17::pos=9.5::clk=0
LOW,commercial wine cellar repair,2,17,0,30.05,/commercial/wine-cellar-cooling-repair/,/services/wine-cellar-repair-los-angeles/,True,0,10,/services/wine-cellar-repair-los-angeles/::imp=10::pos=23.5::clk=0|/services/wine-cellar-cooling-repair/::imp=7::pos=39.4::clk=0
LOW,cooktop repair,1,17,0,11.2,/services/cooktop-repair/,/pasadena/,True,0,17,/pasadena/::imp=17::pos=11.2::clk=0
LOW,cost to repair wine fridge,2,17,0,19.47,/price-list/refrigerator-repair-cost/,/price-list/wine-cooler-repair-cost/,True,0,12,/price-list/wine-cooler-repair-cost/::imp=12::pos=9.0::clk=0|/price-list/commercial-wine-cooler-repair-cost/::imp=5::pos=44.6::clk=0
LOW,fridge repair calabasas,1,17,0,66.3,/calabasas/refrigerator-repair/,/calabasas/,True,0,17,/calabasas/::imp=17::pos=66.3::clk=0
LOW,fridge repair woodland hills,1,17,0,61.1,/woodland-hills/refrigerator-repair/,/woodland-hills/,True,0,17,/woodland-hills/::imp=17::pos=61.1::clk=0
LOW,gas stove repair cost,3,17,0,37.34,/price-list/oven-repair-cost/,/price-list/commercial-stove-repair-cost/,True,0,6,/price-list/commercial-stove-repair-cost/::imp=6::pos=36.3::clk=0|/price-list/stove-repair-cost/::imp=6::pos=35.0::clk=0|/price-list/range-repair-cost/::imp=5::pos=41.4::clk=0
LOW,la canada flintridge appliance repair,1,17,0,41.6,/la-canada-flintridge/,/la-canada-flintridge/,False,17,17,/la-canada-flintridge/::imp=17::pos=41.6::clk=0
LOW,refrigerator repair highland park,1,17,0,39.9,/highland-park/refrigerator-repair/,/highland-park/,True,0,17,/highland-park/::imp=17::pos=39.9::clk=0
LOW,rotisserie oven maintenance service,1,17,0,35.9,/services/oven-repair/,/brands/bki-rotisserie-repair/,True,0,17,/brands/bki-rotisserie-repair/::imp=17::pos=35.9::clk=0
LOW,same day ac repair thousand oaks,1,17,0,1.0,/thousand-oaks/,/thousand-oaks/,False,17,17,/thousand-oaks/::imp=17::pos=1.0::clk=0
LOW,slushie machine repair,1,17,0,11.9,/,/services/commercial-slushie-machine-repair-los-angeles/,True,0,17,/services/commercial-slushie-machine-repair-los-angeles/::imp=17::pos=11.9::clk=0
LOW,thousand oaks washer repair,1,17,0,42.2,/thousand-oaks/washer-repair/,/thousand-oaks/,True,0,17,/thousand-oaks/::imp=17::pos=42.2::clk=0
LOW,ventura appliance fire repair,1,17,0,53.6,/ventura/,/ventura/,False,17,17,/ventura/::imp=17::pos=53.6::clk=0
LOW,ac repair service in french valley,1,16,0,60.9,/,/murrieta/,True,0,16,/murrieta/::imp=16::pos=60.9::clk=0
LOW,appliance repair sherman oaks,1,16,0,62.6,/sherman-oaks/,/sherman-oaks/,False,16,16,/sherman-oaks/::imp=16::pos=62.6::clk=0
LOW,appliance repair tustin ca,1,16,0,59.1,/tustin/,/tustin/,False,16,16,/tustin/::imp=16::pos=59.1::clk=0
LOW,appliance repairs,1,16,0,33.7,/,/san-gabriel/,True,0,16,/san-gabriel/::imp=16::pos=33.7::clk=0
LOW,appliance repairs monterey park,1,16,0,18.1,/monterey-park/,/monterey-park/,False,16,16,/monterey-park/::imp=16::pos=18.1::clk=0
LOW,appliance repairs near me,1,16,0,35.9,/,/san-gabriel/,True,0,16,/san-gabriel/::imp=16::pos=35.9::clk=0
LOW,appliance repairs san marino,1,16,0,12.9,/san-marino/,/san-marino/,False,16,16,/san-marino/::imp=16::pos=12.9::clk=0
LOW,beverly hills appliance repair,1,16,0,42.2,/beverly-hills/,/beverly-hills/,False,16,16,/beverly-hills/::imp=16::pos=42.2::clk=0
LOW,calabasas fridge repair,1,16,0,70.4,/calabasas/refrigerator-repair/,/calabasas/,True,0,16,/calabasas/::imp=16::pos=70.4::clk=0
LOW,calabasas stove repair,1,16,0,81.0,/calabasas/oven-repair/,/calabasas/,True,0,16,/calabasas/::imp=16::pos=81.0::clk=0
LOW,calabasas washer repair,1,16,0,73.7,/calabasas/washer-repair/,/calabasas/,True,0,16,/calabasas/::imp=16::pos=73.7::clk=0
LOW,commercial food processor repair,1,16,0,59.7,/,/commercial/food-processor-repair/,True,0,16,/commercial/food-processor-repair/::imp=16::pos=59.7::clk=0
LOW,deep fryer repair,2,16,0,54.3,/commercial/fryer-repair/,/services/commercial-fryer-machine-repair-los-angeles/,True,7,9,/services/commercial-fryer-machine-repair-los-angeles/::imp=9::pos=47.3::clk=0|/commercial/fryer-repair/::imp=7::pos=63.3::clk=0
LOW,dishwasher repair pasadena,1,16,0,46.7,/pasadena/dishwasher-repair/,/pasadena/,True,0,16,/pasadena/::imp=16::pos=46.7::clk=0
LOW,home appliance repair burbank,1,16,0,50.0,/burbank/,/burbank/,False,16,16,/burbank/::imp=16::pos=50.0::clk=0
LOW,kitchen appliance repair service,2,16,0,15.15,/,/rancho-cucamonga/,True,0,8,/rancho-cucamonga/::imp=8::pos=15.8::clk=0|/riverside/::imp=8::pos=14.5::clk=0
LOW,local appliance repair burbank,1,16,0,43.0,/burbank/,/burbank/,False,16,16,/burbank/::imp=16::pos=43.0::clk=0
LOW,local appliance repair pasadena,1,16,0,33.2,/pasadena/,/pasadena/,False,16,16,/pasadena/::imp=16::pos=33.2::clk=0
LOW,san marino appliance repair,1,16,0,22.4,/san-marino/,/san-marino/,False,16,16,/san-marino/::imp=16::pos=22.4::clk=0
LOW,small appliance repair pasadena,1,16,0,60.2,/pasadena/,/pasadena/,False,16,16,/pasadena/::imp=16::pos=60.2::clk=0
LOW,thousand oaks dryer repair,1,16,0,34.6,/thousand-oaks/dryer-repair/,/thousand-oaks/,True,0,16,/thousand-oaks/::imp=16::pos=34.6::clk=0
LOW,trash compactor repair service in salt lake city,1,16,0,68.5,/services/trash-compactor-repair/,/services/trash-compactor-repair/,False,16,16,/services/trash-compactor-repair/::imp=16::pos=68.5::clk=0
LOW,us cellar systems repair los angeles,2,16,0,18.36,/los-angeles/,/services/wine-cellar-repair-los-angeles/,True,0,10,/services/wine-cellar-repair-los-angeles/::imp=10::pos=20.5::clk=0|/price-list/wine-cellar-repair-cost/::imp=6::pos=14.8::clk=0
LOW,ventura appliance repair,1,16,0,54.9,/ventura/,/ventura/,False,16,16,/ventura/::imp=16::pos=54.9::clk=0
LOW,wine cooler repair temecula,2,16,0,13.07,/temecula/wine-cooler-repair/,/services/wine-cooler-repair/,True,0,11,/services/wine-cooler-repair/::imp=11::pos=15.1::clk=0|/temecula/::imp=5::pos=8.6::clk=0
LOW,wine coolers repair,2,16,0,16.81,/,/services/wine-cooler-repair-los-angeles/,True,0,9,/services/wine-cooler-repair-los-angeles/::imp=9::pos=16.9::clk=0|/west-hollywood/::imp=7::pos=16.7::clk=0
LOW,woodland hills fridge repair,1,16,0,62.4,/woodland-hills/refrigerator-repair/,/woodland-hills/,True,0,16,/woodland-hills/::imp=16::pos=62.4::clk=0
LOW,woodland hills kitchen appliance repair,1,16,0,46.5,/woodland-hills/,/woodland-hills/,False,16,16,/woodland-hills/::imp=16::pos=46.5::clk=0
LOW,woodland hills washing machine repair,1,16,0,51.9,/woodland-hills/washer-repair/,/woodland-hills/,True,0,16,/woodland-hills/::imp=16::pos=51.9::clk=0
LOW,woodland hills whirlpool repair,1,16,0,53.1,/brands/whirlpool/,/woodland-hills/,True,0,16,/woodland-hills/::imp=16::pos=53.1::clk=0
LOW,appliance repair arcadia ca,1,15,0,39.2,/arcadia/,/arcadia/,False,15,15,/arcadia/::imp=15::pos=39.2::clk=0
LOW,appliance repair camarillo ca,1,15,0,41.0,/camarillo/,/camarillo/,False,15,15,/camarillo/::imp=15::pos=41.0::clk=0
LOW,appliance repair fontana ca,1,15,0,39.0,/fontana/,/fontana/,False,15,15,/fontana/::imp=15::pos=39.0::clk=0
LOW,appliance repair hollywood,1,15,0,27.3,/hollywood/,/hollywood/,False,15,15,/hollywood/::imp=15::pos=27.3::clk=0
LOW,appliance repair manhattan beach ca,1,15,0,5.0,/manhattan-beach/,/los-angeles/,True,0,15,/los-angeles/::imp=15::pos=5.0::clk=0
LOW,appliance repair monterey ca,1,15,0,42.3,/,/monterey-park/,True,0,15,/monterey-park/::imp=15::pos=42.3::clk=0
LOW,appliance repairs pasadena,1,15,0,43.6,/pasadena/,/pasadena/,False,15,15,/pasadena/::imp=15::pos=43.6::clk=0
LOW,appliance repairs temple city,1,15,0,39.3,/temple-city/,/temple-city/,False,15,15,/temple-city/::imp=15::pos=39.3::clk=0
LOW,burbank refrigerator repair,1,15,0,56.5,/burbank/refrigerator-repair/,/burbank/,True,0,15,/burbank/::imp=15::pos=56.5::clk=0
LOW,calabasas appliance repair,1,15,0,77.7,/calabasas/,/calabasas/,False,15,15,/calabasas/::imp=15::pos=77.7::clk=0
LOW,calabasas dryer repair,1,15,0,59.7,/calabasas/dryer-repair/,/calabasas/,True,0,15,/calabasas/::imp=15::pos=59.7::clk=0
LOW,calabasas refrigerator repair,1,15,0,82.7,/calabasas/refrigerator-repair/,/calabasas/,True,0,15,/calabasas/::imp=15::pos=82.7::clk=0
LOW,commercial refrigeration repair los angeles,2,15,0,54.4,/los-angeles/,/commercial/refrigeration/,True,0,10,/commercial/refrigeration/::imp=10::pos=58.5::clk=0|/services/commercial-refrigerator-repair-los-angeles/::imp=5::pos=46.2::clk=0
LOW,dishwasher leak repair cost,1,15,0,55.2,/price-list/dishwasher-repair-cost/,/price-list/dishwasher-repair-cost/,False,15,15,/price-list/dishwasher-repair-cost/::imp=15::pos=55.2::clk=0
LOW,dishwasher repair monterey,1,15,0,41.7,/services/dishwasher-repair/,/monterey-park/,True,0,15,/monterey-park/::imp=15::pos=41.7::clk=0
LOW,fireplace maintenance los angeles,1,15,0,23.2,/outdoor/fireplace-repair/,/services/fireplace-repair-los-angeles/,True,0,15,/services/fireplace-repair-los-angeles/::imp=15::pos=23.2::clk=0
LOW,freezer repair services,2,15,0,46.2,/services/refrigerator-repair/,/areas/los-angeles-and-surrounding-areas/,True,0,9,/areas/los-angeles-and-surrounding-areas/::imp=9::pos=50.2::clk=0|/los-angeles/::imp=6::pos=40.2::clk=0
LOW,heater repair los angeles,1,15,0,50.6,/los-angeles/,/services/wall-heater-repair-los-angeles/,True,0,15,/services/wall-heater-repair-los-angeles/::imp=15::pos=50.6::clk=0
LOW,lg dryer repair,1,15,0,70.4,/brands/lg-dryer-repair-dryer-repair/,/brands/lg/,True,0,15,/brands/lg/::imp=15::pos=70.4::clk=0
LOW,lg dryer repair service,1,15,0,73.7,/brands/lg-dryer-repair-dryer-repair/,/brands/lg/,True,0,15,/brands/lg/::imp=15::pos=73.7::clk=0
LOW,lg oven repair,1,15,0,60.1,/brands/lg-oven-repair-oven-repair/,/brands/lg/,True,0,15,/brands/lg/::imp=15::pos=60.1::clk=0
LOW,lg washing machine repair,1,15,0,74.7,/brands/lg-washer-repair/,/brands/lg/,True,0,15,/brands/lg/::imp=15::pos=74.7::clk=0
LOW,oven repair pasadena,1,15,0,37.7,/pasadena/oven-repair/,/pasadena/,True,0,15,/pasadena/::imp=15::pos=37.7::clk=0
LOW,refrigerator repair burbank,1,15,0,61.1,/burbank/refrigerator-repair/,/burbank/,True,0,15,/burbank/::imp=15::pos=61.1::clk=0
LOW,refrigerator repair in woodland hills,1,15,0,77.7,/woodland-hills/refrigerator-repair/,/woodland-hills/,True,0,15,/woodland-hills/::imp=15::pos=77.7::clk=0
LOW,repair bbq,1,15,0,61.6,/outdoor/grill-repair/,/services/bbq-grill-repair-los-angeles/,True,0,15,/services/bbq-grill-repair-los-angeles/::imp=15::pos=61.6::clk=0
LOW,same day appliance repair woodland hills,1,15,0,30.6,/woodland-hills/,/woodland-hills/,False,15,15,/woodland-hills/::imp=15::pos=30.6::clk=0
LOW,slush machine repair,2,15,0,18.86,/,/services/commercial-slushie-machine-repair-los-angeles/,True,0,9,/services/commercial-slushie-machine-repair-los-angeles/::imp=9::pos=18.3::clk=0|/price-list/commercial-slushie-machine-repair-cost/::imp=6::pos=19.7::clk=0
LOW,sub-zero refrigerator repair brentwood,1,15,0,27.9,/brentwood/refrigerator-repair/,/brentwood/,True,0,15,/brentwood/::imp=15::pos=27.9::clk=0
LOW,woodland hills appliances repair,1,15,0,70.9,/woodland-hills/,/woodland-hills/,False,15,15,/woodland-hills/::imp=15::pos=70.9::clk=0
LOW,woodland hills freezer repair,1,15,0,77.5,/woodland-hills/refrigerator-repair/,/woodland-hills/,True,0,15,/woodland-hills/::imp=15::pos=77.5::clk=0
LOW,woodland hills kitchenaid repair,1,15,0,72.1,/brands/kitchenaid/,/woodland-hills/,True,0,15,/woodland-hills/::imp=15::pos=72.1::clk=0
LOW,woodland hills refrigerator repair,1,15,0,75.3,/woodland-hills/refrigerator-repair/,/woodland-hills/,True,0,15,/woodland-hills/::imp=15::pos=75.3::clk=0
LOW,24/7 industrial refrigeration service california,2,14,0,64.4,/,/commercial/refrigeration/,True,0,8,/commercial/refrigeration/::imp=8::pos=60.8::clk=0|/services/outdoor-refrigerator-repair/::imp=6::pos=69.2::clk=0
LOW,appliance installation,1,14,0,1.0,/,/thousand-oaks/,True,0,14,/thousand-oaks/::imp=14::pos=1.0::clk=0
LOW,appliance repair corona ca,1,14,0,46.4,/corona/,/corona/,False,14,14,/corona/::imp=14::pos=46.4::clk=0
LOW,appliance repair huntington beach ca,1,14,0,57.0,/huntington-beach/,/huntington-beach/,False,14,14,/huntington-beach/::imp=14::pos=57.0::clk=0
LOW,appliance repair inland empire,1,14,0,74.6,/,/riverside-county/,True,0,14,/riverside-county/::imp=14::pos=74.6::clk=0
LOW,appliance repair long beach ca,1,14,0,66.9,/long-beach/,/long-beach/,False,14,14,/long-beach/::imp=14::pos=66.9::clk=0
LOW,appliance repair redlands ca,1,14,0,40.4,/redlands/,/redlands/,False,14,14,/redlands/::imp=14::pos=40.4::clk=0
LOW,appliance repair redondo beach,1,14,0,42.4,/redondo-beach/,/redondo-beach/,False,14,14,/redondo-beach/::imp=14::pos=42.4::clk=0
LOW,appliance repair redondo beach ca,1,14,0,43.7,/redondo-beach/,/redondo-beach/,False,14,14,/redondo-beach/::imp=14::pos=43.7::clk=0
LOW,appliance repair san clemente ca,1,14,0,45.0,/san-clemente/,/san-clemente/,False,14,14,/san-clemente/::imp=14::pos=45.0::clk=0
LOW,appliance repair west hills ca,1,14,0,62.4,/,/west-hollywood/,True,0,14,/west-hollywood/::imp=14::pos=62.4::clk=0
LOW,appliance repairs arcadia,1,14,0,42.6,/arcadia/,/arcadia/,False,14,14,/arcadia/::imp=14::pos=42.6::clk=0
LOW,appliance repairs la cañada flintridge,1,14,0,40.8,/los-angeles/,/la-canada-flintridge/,True,0,14,/la-canada-flintridge/::imp=14::pos=40.8::clk=0
LOW,barbeque grill repair,1,14,0,59.8,/outdoor/grill-repair/,/services/bbq-grill-repair-los-angeles/,True,0,14,/services/bbq-grill-repair-los-angeles/::imp=14::pos=59.8::clk=0
LOW,bbq repair near me,1,14,0,9.5,/outdoor/grill-repair/,/services/bbq-grill-repair-los-angeles/,True,0,14,/services/bbq-grill-repair-los-angeles/::imp=14::pos=9.5::clk=0
LOW,bosch appliance repair laguna niguel,1,14,0,38.1,/brands/bosch/,/laguna-niguel/,True,0,14,/laguna-niguel/::imp=14::pos=38.1::clk=0
LOW,commercial freezer repair los angeles,2,14,0,35.91,/commercial/refrigerator-repair/,/services/commercial-freezer-repair-los-angeles/,True,0,9,/services/commercial-freezer-repair-los-angeles/::imp=9::pos=20.2::clk=0|/commercial/refrigeration/::imp=5::pos=64.2::clk=0
LOW,commercial ice machine repair cost,1,14,0,15.6,/commercial/ice-machine-repair/,/price-list/commercial-ice-machine-repair-cost/,True,0,14,/price-list/commercial-ice-machine-repair-cost/::imp=14::pos=15.6::clk=0
LOW,dishwasher repair near me same day,2,14,0,9.35,/services/dishwasher-repair/,/los-angeles/,True,0,7,/los-angeles/::imp=7::pos=11.4::clk=0|/west-hollywood/::imp=7::pos=7.3::clk=0
LOW,dryer repair in woodland hills,1,14,0,75.8,/woodland-hills/dryer-repair/,/woodland-hills/,True,0,14,/woodland-hills/::imp=14::pos=75.8::clk=0
LOW,dryer repair los angeles,1,14,0,36.2,/los-angeles/dryer-repair/,/services/dryer-repair-los-angeles/,True,0,14,/services/dryer-repair-los-angeles/::imp=14::pos=36.2::clk=0
LOW,fisher & paykel oven repair,1,14,0,32.1,/services/oven-repair/,/brands/fisher-paykel-oven-repair/,True,0,14,/brands/fisher-paykel-oven-repair/::imp=14::pos=32.1::clk=0
LOW,gas grill repair in southern california,2,14,0,31.84,/outdoor/grill-repair/,/services/bbq-grill-repair-los-angeles/,True,0,8,/services/bbq-grill-repair-los-angeles/::imp=8::pos=38.1::clk=0|/services/bbq-grill-repair/::imp=6::pos=23.5::clk=0
LOW,induction cooktop repair,2,14,0,36.76,/services/cooktop-repair/,/services/induction-cooktop-repair/,True,0,9,/services/induction-cooktop-repair/::imp=9::pos=34.4::clk=0|/services/induction-cooktop-repair-los-angeles/::imp=5::pos=41.0::clk=0
LOW,kitchen appliance repair burbank,1,14,0,48.2,/burbank/,/burbank/,False,14,14,/burbank/::imp=14::pos=48.2::clk=0
LOW,maytag repair laguna niguel,1,14,0,41.7,/brands/maytag/,/laguna-niguel/,True,0,14,/laguna-niguel/::imp=14::pos=41.7::clk=0
LOW,roper repair,1,14,0,24.1,/,/brand-roper-appliance-repair/,True,0,14,/brand-roper-appliance-repair/::imp=14::pos=24.1::clk=0
LOW,san gabriel valley appliance repairs,1,14,0,43.6,/san-gabriel/,/san-gabriel/,False,14,14,/san-gabriel/::imp=14::pos=43.6::clk=0
LOW,stove repair burbank,1,14,0,46.5,/burbank/oven-repair/,/burbank/,True,0,14,/burbank/::imp=14::pos=46.5::clk=0
LOW,washer repair highland park,1,14,0,49.2,/highland-park/washer-repair/,/highland-park/,True,0,14,/highland-park/::imp=14::pos=49.2::clk=0
LOW,washer repair in woodland hills,1,14,0,77.9,/woodland-hills/washer-repair/,/woodland-hills/,True,0,14,/woodland-hills/::imp=14::pos=77.9::clk=0
LOW,west hills dryer repair,1,14,0,67.4,/services/dryer-repair/,/west-hollywood/,True,0,14,/west-hollywood/::imp=14::pos=67.4::clk=0
LOW,wine cooler repair near me,1,14,0,74.0,/services/wine-cooler-repair/,/temecula/,True,0,14,/temecula/::imp=14::pos=74.0::clk=0
LOW,air conditioning repair toluca lake,1,13,0,45.0,/toluca-lake/,/toluca-lake/,False,13,13,/toluca-lake/::imp=13::pos=45.0::clk=0
LOW,appliance repair glendale,1,13,0,50.8,/glendale/,/glendale/,False,13,13,/glendale/::imp=13::pos=50.8::clk=0
LOW,appliance repair in burbank,1,13,0,57.7,/burbank/,/burbank/,False,13,13,/burbank/::imp=13::pos=57.7::clk=0
LOW,appliance repair manhattan beach,1,13,0,46.9,/manhattan-beach/,/manhattan-beach/,False,13,13,/manhattan-beach/::imp=13::pos=46.9::clk=0
LOW,appliance repair newport beach ca,1,13,0,50.3,/newport-beach/,/newport-beach/,False,13,13,/newport-beach/::imp=13::pos=50.3::clk=0
LOW,appliance repair santa monica,1,13,0,43.4,/santa-monica/,/santa-monica/,False,13,13,/santa-monica/::imp=13::pos=43.4::clk=0
LOW,appliance repair santa paula ca,1,13,0,4.1,/,/thousand-oaks/,True,0,13,/thousand-oaks/::imp=13::pos=4.1::clk=0
LOW,barbecue repair,1,13,0,29.8,/,/services/bbq-grill-repair-los-angeles/,True,0,13,/services/bbq-grill-repair-los-angeles/::imp=13::pos=29.8::clk=0
LOW,cooktop repair burbank,1,13,0,60.1,/burbank/cooktop-repair/,/burbank/,True,0,13,/burbank/::imp=13::pos=60.1::clk=0
LOW,fridge repair pasadena,1,13,0,41.1,/pasadena/refrigerator-repair/,/pasadena/,True,0,13,/pasadena/::imp=13::pos=41.1::clk=0
LOW,ge repair costa mesa,1,13,0,40.3,/brands/ge/,/costa-mesa/,True,0,13,/costa-mesa/::imp=13::pos=40.3::clk=0
LOW,kitchen appliance repair pasadena,1,13,0,36.4,/pasadena/,/pasadena/,False,13,13,/pasadena/::imp=13::pos=36.4::clk=0
LOW,lg fridge repair,1,13,0,59.7,/brands/lg-refrigerator-repair/,/brands/lg/,True,0,13,/brands/lg/::imp=13::pos=59.7::clk=0
LOW,oven repair cost,2,13,0,62.95,/price-list/oven-repair-cost/,/price-list/oven-repair-cost/,False,7,7,/price-list/oven-repair-cost/::imp=7::pos=50.9::clk=0|/price-list/wall-oven-repair-cost/::imp=6::pos=77.0::clk=0
LOW,oven repair highland park,1,13,0,33.2,/highland-park/oven-repair/,/highland-park/,True,0,13,/highland-park/::imp=13::pos=33.2::clk=0
LOW,refrigerator repair beverly hills,2,13,0,26.72,/beverly-hills/refrigerator-repair/,/beverly-hills/,True,0,8,/beverly-hills/::imp=8::pos=42.8::clk=0|/west-hollywood/::imp=5::pos=1.0::clk=0
LOW,refrigerator repair burbank ca,1,13,0,51.8,/burbank/refrigerator-repair/,/burbank/,True,0,13,/burbank/::imp=13::pos=51.8::clk=0
LOW,ventura dryer fire repair,1,13,0,33.2,/ventura/dryer-repair/,/services/dryer-vent-repair/,True,0,13,/services/dryer-vent-repair/::imp=13::pos=33.2::clk=0
LOW,west hills washer repair,1,13,0,64.4,/services/washer-repair/,/west-hollywood/,True,0,13,/west-hollywood/::imp=13::pos=64.4::clk=0
LOW,whisperkool repair,2,13,0,38.63,/brands/whisperkool/,/services/wine-cellar-cooling-repair/,True,0,8,/services/wine-cellar-cooling-repair/::imp=8::pos=43.9::clk=0|/services/wine-cellar-repair-los-angeles/::imp=5::pos=30.2::clk=0
LOW,woodland hills frigidaire appliance repair,1,13,0,66.5,/brands/frigidaire/,/woodland-hills/,True,0,13,/woodland-hills/::imp=13::pos=66.5::clk=0
LOW,woodland hills lg repair,1,13,0,55.2,/brands/lg/,/woodland-hills/,True,0,13,/woodland-hills/::imp=13::pos=55.2::clk=0
LOW,"""same day appliance repair"" ""90048""",2,12,0,9.0,/,/los-angeles/,True,0,6,/los-angeles/::imp=6::pos=13.2::clk=0|/west-hollywood/::imp=6::pos=4.8::clk=0
LOW,ac maintenance cost,1,12,0,91.2,/,/price-list/air-conditioner-repair-cost/,True,0,12,/price-list/air-conditioner-repair-cost/::imp=12::pos=91.2::clk=0
LOW,ac repair man lake elsinore,1,12,0,72.8,/lake-elsinore/,/lake-elsinore/,False,12,12,/lake-elsinore/::imp=12::pos=72.8::clk=0
LOW,appliance installation burbank,1,12,0,56.2,/burbank/,/burbank/,False,12,12,/burbank/::imp=12::pos=56.2::clk=0
LOW,appliance installation ventura ca,2,12,0,61.91,/ventura/,/ventura/,False,7,7,/ventura/::imp=7::pos=63.7::clk=0|/ventura-county/::imp=5::pos=59.4::clk=0
LOW,appliance repair estimate,1,12,0,86.1,/,/price-list/,True,0,12,/price-list/::imp=12::pos=86.1::clk=0
LOW,appliance repair in thousand oaks,1,12,0,4.4,/thousand-oaks/,/thousand-oaks/,False,12,12,/thousand-oaks/::imp=12::pos=4.4::clk=0
LOW,appliance repair orange county,1,12,0,68.2,/,/orange-county/,True,0,12,/orange-county/::imp=12::pos=68.2::clk=0
LOW,appliance repair oxnard ca,1,12,0,44.2,/oxnard/,/oxnard/,False,12,12,/oxnard/::imp=12::pos=44.2::clk=0
LOW,appliance repair rancho cucamonga ca,1,12,0,42.2,/rancho-cucamonga/,/rancho-cucamonga/,False,12,12,/rancho-cucamonga/::imp=12::pos=42.2::clk=0
LOW,appliance repair torrance,1,12,0,59.7,/torrance/,/torrance/,False,12,12,/torrance/::imp=12::pos=59.7::clk=0
LOW,appliance repair torrance ca,1,12,0,58.0,/torrance/,/torrance/,False,12,12,/torrance/::imp=12::pos=58.0::clk=0
LOW,appliance repair woodland hills,1,12,0,69.1,/woodland-hills/,/woodland-hills/,False,12,12,/woodland-hills/::imp=12::pos=69.1::clk=0
LOW,blaze refrigerator repair,1,12,0,42.1,/services/refrigerator-repair/,/outdoor/,True,0,12,/outdoor/::imp=12::pos=42.1::clk=0
LOW,capital grill repair,1,12,0,21.8,/outdoor/grill-repair/,/services/bbq-grill-repair-los-angeles/,True,0,12,/services/bbq-grill-repair-los-angeles/::imp=12::pos=21.8::clk=0
LOW,commercial dishwasher repair,1,12,0,35.1,/commercial/dishwasher-repair/,/services/commercial-dishwasher-repair-los-angeles/,True,0,12,/services/commercial-dishwasher-repair-los-angeles/::imp=12::pos=35.1::clk=0
LOW,commercial ice maker repair,2,12,0,89.85,/commercial/ice-maker-repair/,/commercial/ice-machines/,True,0,7,/commercial/ice-machines/::imp=7::pos=92.6::clk=0|/services/ice-maker-repair/::imp=5::pos=86.0::clk=0
LOW,cooktop repair near me,1,12,0,11.3,/services/cooktop-repair/,/pasadena/,True,0,12,/pasadena/::imp=12::pos=11.3::clk=0
LOW,dryer motor replacement cost,1,12,0,17.1,/price-list/dryer-repair-cost/,/price-list/dryer-motor-replacement-cost/,True,0,12,/price-list/dryer-motor-replacement-cost/::imp=12::pos=17.1::clk=0
LOW,dryer repair cost,1,12,0,52.2,/price-list/dryer-repair-cost/,/price-list/dryer-repair-cost/,False,12,12,/price-list/dryer-repair-cost/::imp=12::pos=52.2::clk=0
LOW,garbage disposal repair pasadena california,1,12,0,43.9,/pasadena/garbage-disposal-repair/,/services/garbage-disposal-repair/,True,0,12,/services/garbage-disposal-repair/::imp=12::pos=43.9::clk=0
LOW,garbage disposal repair price,1,12,0,77.2,/price-list/garbage-disposal-repair-cost/,/price-list/garbage-disposal-repair-cost/,False,12,12,/price-list/garbage-disposal-repair-cost/::imp=12::pos=77.2::clk=0
LOW,ice machine cleaning service cost,1,12,0,27.0,/commercial/ice-machine-repair/,/price-list/commercial-ice-machine-repair-cost/,True,0,12,/price-list/commercial-ice-machine-repair-cost/::imp=12::pos=27.0::clk=0
LOW,ice maker repair monterey,1,12,0,30.2,/services/ice-maker-repair/,/monterey-park/,True,0,12,/monterey-park/::imp=12::pos=30.2::clk=0
LOW,pizza oven repair near me,1,12,0,29.9,/outdoor/pizza-oven-repair/,/commercial/pizza-oven-repair/,True,0,12,/commercial/pizza-oven-repair/::imp=12::pos=29.9::clk=0
LOW,range hood repair los angeles,2,12,0,39.92,/los-angeles/range-hood-repair/,/services/range-hood-repair-los-angeles/,True,0,7,/services/range-hood-repair-los-angeles/::imp=7::pos=36.0::clk=0|/services/range-hood-repair/::imp=5::pos=45.4::clk=0
LOW,refrigerator repair long beach,1,12,0,65.4,/long-beach/refrigerator-repair/,/long-beach/,True,0,12,/long-beach/::imp=12::pos=65.4::clk=0
LOW,refrigerator repair monterey ca,1,12,0,40.5,/services/refrigerator-repair/,/monterey-park/,True,0,12,/monterey-park/::imp=12::pos=40.5::clk=0
LOW,residential refrigerator repair monterey ca,1,12,0,40.6,/services/refrigerator-repair/,/monterey-park/,True,0,12,/monterey-park/::imp=12::pos=40.6::clk=0
LOW,rotisserie service,1,12,0,52.0,/,/brands/bki-rotisserie-repair/,True,0,12,/brands/bki-rotisserie-repair/::imp=12::pos=52.0::clk=0
LOW,same day refrigerator repair los angeles,2,12,0,13.4,/los-angeles/refrigerator-repair/,/los-angeles/,True,0,6,/los-angeles/::imp=6::pos=10.8::clk=0|/west-hollywood/::imp=6::pos=16.0::clk=0
LOW,walk in cooler floor repair,1,12,0,68.5,/commercial/walk-in-cooler-repair/,/commercial/refrigeration/walk-in-freezer-repair/,True,0,12,/commercial/refrigeration/walk-in-freezer-repair/::imp=12::pos=68.5::clk=0
LOW,wall heater repair los angeles,1,12,0,17.0,/los-angeles/,/services/wall-heater-repair-los-angeles/,True,0,12,/services/wall-heater-repair-los-angeles/::imp=12::pos=17.0::clk=0
LOW,water heater repair in west hollywood ca,1,12,0,67.1,/hollywood/,/west-hollywood/,True,0,12,/west-hollywood/::imp=12::pos=67.1::clk=0
LOW,water heater repair monterey park,1,12,0,23.7,/monterey-park/,/monterey-park/,False,12,12,/monterey-park/::imp=12::pos=23.7::clk=0
LOW,ac tune up cost,1,11,0,91.5,/,/price-list/air-conditioner-repair-cost/,True,0,11,/price-list/air-conditioner-repair-cost/::imp=11::pos=91.5::clk=0
LOW,air conditioning repair pacific palisades,1,11,0,74.8,/pacific-palisades/,/pacific-palisades/,False,11,11,/pacific-palisades/::imp=11::pos=74.8::clk=0
LOW,air conditioning service pacific palisades,1,11,0,76.1,/,/pacific-palisades/,True,0,11,/pacific-palisades/::imp=11::pos=76.1::clk=0
LOW,appliance repair encino,1,11,0,75.3,/encino/,/encino/,False,11,11,/encino/::imp=11::pos=75.3::clk=0
LOW,appliance repair mission hills,1,11,0,63.3,/,/mission-viejo/,True,0,11,/mission-viejo/::imp=11::pos=63.3::clk=0
LOW,appliance repair ontario ca,1,11,0,36.0,/ontario/,/ontario/,False,11,11,/ontario/::imp=11::pos=36.0::clk=0
LOW,appliance repair yorba linda ca,1,11,0,52.6,/yorba-linda/,/yorba-linda/,False,11,11,/yorba-linda/::imp=11::pos=52.6::clk=0
LOW,bbq repair,1,11,0,26.4,/outdoor/grill-repair/,/services/bbq-grill-repair-los-angeles/,True,0,11,/services/bbq-grill-repair-los-angeles/::imp=11::pos=26.4::clk=0
LOW,burbank appliance repair specialists,1,11,0,54.5,/burbank/,/burbank/,False,11,11,/burbank/::imp=11::pos=54.5::clk=0
LOW,commercial fridge repair,1,11,0,27.2,/commercial/refrigerator-repair/,/services/commercial-refrigerator-repair-los-angeles/,True,0,11,/services/commercial-refrigerator-repair-los-angeles/::imp=11::pos=27.2::clk=0
LOW,commercial wine cooler repair,1,11,0,15.2,/commercial/wine-cooler-repair/,/services/wine-cooler-repair/,True,0,11,/services/wine-cooler-repair/::imp=11::pos=15.2::clk=0
LOW,dryer repair near me same day,2,11,0,12.35,/services/dryer-repair/,/west-hollywood/,True,0,6,/west-hollywood/::imp=6::pos=12.3::clk=0|/los-angeles/::imp=5::pos=12.4::clk=0
LOW,dryer repair thousand oaks,1,11,0,12.4,/thousand-oaks/dryer-repair/,/thousand-oaks/,True,0,11,/thousand-oaks/::imp=11::pos=12.4::clk=0
LOW,electrolux washer repair,1,11,0,91.7,/brands/electrolux-washer-repair-washer-repair/,/brands/electrolux-washer-repair/,True,0,11,/brands/electrolux-washer-repair/::imp=11::pos=91.7::clk=0
LOW,fireplace repair near me,1,11,0,11.4,/outdoor/fireplace-repair/,/services/fireplace-repair-los-angeles/,True,0,11,/services/fireplace-repair-los-angeles/::imp=11::pos=11.4::clk=0
LOW,fix my bbq,1,11,0,26.2,/outdoor/grill-repair/,/services/bbq-grill-repair-los-angeles/,True,0,11,/services/bbq-grill-repair-los-angeles/::imp=11::pos=26.2::clk=0
LOW,garbage disposal repair santa monica ca,1,11,0,54.3,/santa-monica/garbage-disposal-repair/,/services/garbage-disposal-repair/,True,0,11,/services/garbage-disposal-repair/::imp=11::pos=54.3::clk=0
LOW,grill repair,1,11,0,17.5,/outdoor/grill-repair/,/services/bbq-grill-repair-los-angeles/,True,0,11,/services/bbq-grill-repair-los-angeles/::imp=11::pos=17.5::clk=0
LOW,lg dryer repair cost,1,11,0,12.5,/price-list/dryer-repair-cost/,/price-list/lg-dryer-repair-cost/,True,0,11,/price-list/lg-dryer-repair-cost/::imp=11::pos=12.5::clk=0
LOW,lg repair service,1,11,0,28.7,/brands/lg/,/brands/lg/,False,11,11,/brands/lg/::imp=11::pos=28.7::clk=0
LOW,monterey appliance repair,1,11,0,44.5,/,/monterey-park/,True,0,11,/monterey-park/::imp=11::pos=44.5::clk=0
LOW,oven repair monterey,1,11,0,44.5,/services/oven-repair/,/monterey-park/,True,0,11,/monterey-park/::imp=11::pos=44.5::clk=0
LOW,patio heater installation los angeles,1,11,0,11.7,/outdoor/patio-heater-repair/,/price-list/patio-heater-repair-cost/,True,0,11,/price-list/patio-heater-repair-cost/::imp=11::pos=11.7::clk=0
LOW,refrigerator repair upland,1,11,0,29.0,/upland/refrigerator-repair/,/upland/,True,0,11,/upland/::imp=11::pos=29.0::clk=0
LOW,samsung dishwasher repair cost,1,11,0,11.2,/price-list/dishwasher-repair-cost/,/price-list/dishwasher-repair-cost/,False,11,11,/price-list/dishwasher-repair-cost/::imp=11::pos=11.2::clk=0
LOW,sane day ac repair thousand oaks,1,11,0,1.0,/thousand-oaks/,/thousand-oaks/,False,11,11,/thousand-oaks/::imp=11::pos=1.0::clk=0
LOW,smoker bbq repair,1,11,0,14.5,/outdoor/grill-repair/,/services/bbq-grill-repair-los-angeles/,True,0,11,/services/bbq-grill-repair-los-angeles/::imp=11::pos=14.5::clk=0
LOW,washer belt replacement cost,1,11,0,42.7,/price-list/washer-repair-cost/,/price-list/washer-repair-cost/,False,11,11,/price-list/washer-repair-cost/::imp=11::pos=42.7::clk=0
LOW,washing machine repair pasadena,1,11,0,52.5,/pasadena/washer-repair/,/pasadena/,True,0,11,/pasadena/::imp=11::pos=52.5::clk=0
LOW,ac repair pacific palisades,1,10,0,83.2,/pacific-palisades/,/pacific-palisades/,False,10,10,/pacific-palisades/::imp=10::pos=83.2::clk=0
LOW,air cooler repair,1,10,0,48.3,/,/services/commercial-walk-in-cooler-repair-los-angeles/,True,0,10,/services/commercial-walk-in-cooler-repair-los-angeles/::imp=10::pos=48.3::clk=0
LOW,appliance repair glendale ca,1,10,0,55.8,/glendale/,/glendale/,False,10,10,/glendale/::imp=10::pos=55.8::clk=0
LOW,appliance repair long beach,1,10,0,67.6,/long-beach/,/long-beach/,False,10,10,/long-beach/::imp=10::pos=67.6::clk=0
LOW,barbecue grill repair,1,10,0,30.8,/outdoor/grill-repair/,/services/bbq-grill-repair-los-angeles/,True,0,10,/services/bbq-grill-repair-los-angeles/::imp=10::pos=30.8::clk=0
LOW,blaze appliance repair service,1,10,0,64.8,/,/outdoor/,True,0,10,/outdoor/::imp=10::pos=64.8::clk=0
LOW,built-in freezer repair,1,10,0,53.4,/services/refrigerator-repair/,/services/built-in-refrigerator-repair/,True,0,10,/services/built-in-refrigerator-repair/::imp=10::pos=53.4::clk=0
LOW,commercial freezer repair,1,10,0,49.8,/commercial/refrigerator-repair/,/commercial/refrigerator-repair/,False,10,10,/commercial/refrigerator-repair/::imp=10::pos=49.8::clk=0
LOW,cost to fix dishwasher,1,10,0,73.5,/price-list/dishwasher-repair-cost/,/price-list/dishwasher-repair-cost/,False,10,10,/price-list/dishwasher-repair-cost/::imp=10::pos=73.5::clk=0
LOW,dishwasher repair burbank,1,10,0,62.2,/burbank/dishwasher-repair/,/burbank/,True,0,10,/burbank/::imp=10::pos=62.2::clk=0
LOW,dryer repair hemet,1,10,0,29.8,/hemet/dryer-repair/,/hemet/,True,0,10,/hemet/::imp=10::pos=29.8::clk=0
LOW,dryer repair monterey,1,10,0,37.8,/services/dryer-repair/,/monterey-park/,True,0,10,/monterey-park/::imp=10::pos=37.8::clk=0
LOW,dryer repair upland,1,10,0,27.7,/upland/dryer-repair/,/upland/,True,0,10,/upland/::imp=10::pos=27.7::clk=0
LOW,garbage disposal fix cost,1,10,0,80.5,/price-list/garbage-disposal-repair-cost/,/price-list/garbage-disposal-repair-cost/,False,10,10,/price-list/garbage-disposal-repair-cost/::imp=10::pos=80.5::clk=0
LOW,garbage disposal repair los angeles ca,2,10,0,64.3,/los-angeles/garbage-disposal-repair/,/price-list/garbage-disposal-repair-cost/,True,0,5,/price-list/garbage-disposal-repair-cost/::imp=5::pos=49.0::clk=0|/services/garbage-disposal-repair/::imp=5::pos=79.6::clk=0
LOW,ge repair laguna niguel,1,10,0,40.8,/brands/ge/,/laguna-niguel/,True,0,10,/laguna-niguel/::imp=10::pos=40.8::clk=0
LOW,hotel appliance repair,1,10,0,28.4,/,/for-business/hotels/,True,0,10,/for-business/hotels/::imp=10::pos=28.4::clk=0
LOW,lake sherwood hvac repair & installation,1,10,0,11.7,/,/thousand-oaks/,True,0,10,/thousand-oaks/::imp=10::pos=11.7::clk=0
LOW,lg appliance repair service,1,10,0,77.0,/brands/lg/,/brands/lg/,False,10,10,/brands/lg/::imp=10::pos=77.0::clk=0
LOW,oven repair san bernardino ca,2,10,0,51.6,/san-bernardino/oven-repair/,/san-bernardino-county/,True,0,5,/san-bernardino-county/::imp=5::pos=53.0::clk=0|/san-bernardino/::imp=5::pos=50.2::clk=0
LOW,range hood repair cost,1,10,0,11.2,/price-list/range-hood-repair-cost/,/price-list/range-hood-repair-cost/,False,10,10,/price-list/range-hood-repair-cost/::imp=10::pos=11.2::clk=0
LOW,residential refrigerator repair monterey,1,10,0,43.5,/services/refrigerator-repair/,/monterey-park/,True,0,10,/monterey-park/::imp=10::pos=43.5::clk=0
LOW,stove repair woodland hills,1,10,0,78.1,/woodland-hills/oven-repair/,/woodland-hills/,True,0,10,/woodland-hills/::imp=10::pos=78.1::clk=0
LOW,thousand oaks fridge repair,1,10,0,25.5,/thousand-oaks/refrigerator-repair/,/thousand-oaks/,True,0,10,/thousand-oaks/::imp=10::pos=25.5::clk=0
LOW,thousand oaks refrigerator repair,1,10,0,38.3,/thousand-oaks/refrigerator-repair/,/thousand-oaks/,True,0,10,/thousand-oaks/::imp=10::pos=38.3::clk=0
LOW,walk in freezer repair springdale,1,10,0,48.6,/services/refrigerator-repair/,/,True,0,10,/::imp=10::pos=48.6::clk=0
LOW,wine cellar cooling unit repair near me,2,10,0,58.6,/services/wine-cellar-cooling-repair/,/price-list/wine-cellar-repair-cost/,True,0,5,/price-list/wine-cellar-repair-cost/::imp=5::pos=49.4::clk=0|/temecula/::imp=5::pos=67.8::clk=0
LOW,appliance repair riverside,1,9,0,56.1,/riverside/,/riverside/,False,9,9,/riverside/::imp=9::pos=56.1::clk=0
LOW,appliance repair service near me,1,9,0,18.2,/,/pasadena/,True,0,9,/pasadena/::imp=9::pos=18.2::clk=0
LOW,appliance repair tarzana,1,9,0,43.9,/tarzana/,/tarzana/,False,9,9,/tarzana/::imp=9::pos=43.9::clk=0
LOW,appliance repair upland ca,1,9,0,26.6,/upland/,/upland/,False,9,9,/upland/::imp=9::pos=26.6::clk=0
LOW,barbecue grill repair service,1,9,0,58.4,/outdoor/grill-repair/,/services/bbq-grill-repair-los-angeles/,True,0,9,/services/bbq-grill-repair-los-angeles/::imp=9::pos=58.4::clk=0
LOW,barbecues repair,1,9,0,39.9,/,/services/bbq-grill-repair-los-angeles/,True,0,9,/services/bbq-grill-repair-los-angeles/::imp=9::pos=39.9::clk=0
LOW,clothes dryer repair cost,1,9,0,29.6,/price-list/dryer-repair-cost/,/price-list/dryer-repair-cost/,False,9,9,/price-list/dryer-repair-cost/::imp=9::pos=29.6::clk=0
LOW,commercial appliance repair rancho cucamonga,1,9,0,36.1,/rancho-cucamonga/,/rancho-cucamonga/,False,9,9,/rancho-cucamonga/::imp=9::pos=36.1::clk=0
LOW,commercial freezer repair near me,1,9,0,39.7,/commercial/refrigerator-repair/,/services/commercial-freezer-repair-los-angeles/,True,0,9,/services/commercial-freezer-repair-los-angeles/::imp=9::pos=39.7::clk=0
LOW,commercial refrigeration repair los angeles ca,1,9,0,62.8,/los-angeles/,/commercial/refrigeration/,True,0,9,/commercial/refrigeration/::imp=9::pos=62.8::clk=0
LOW,cooler repair,1,9,0,56.8,/,/services/commercial-walk-in-cooler-repair-los-angeles/,True,0,9,/services/commercial-walk-in-cooler-repair-los-angeles/::imp=9::pos=56.8::clk=0
LOW,cost to fix a water heater,1,9,0,96.4,/,/price-list/water-heater-repair-cost/,True,0,9,/price-list/water-heater-repair-cost/::imp=9::pos=96.4::clk=0
LOW,dish washer repair brentwood,1,9,0,56.4,/brentwood/washer-repair/,/brentwood/,True,0,9,/brentwood/::imp=9::pos=56.4::clk=0
LOW,dishwasher repair rancho cucamonga,1,9,0,29.7,/rancho-cucamonga/dishwasher-repair/,/rancho-cucamonga/,True,0,9,/rancho-cucamonga/::imp=9::pos=29.7::clk=0
LOW,dryer vent repair cost,1,9,0,33.2,/price-list/dryer-vent-repair-cost/,/price-list/dryer-vent-repair-cost/,False,9,9,/price-list/dryer-vent-repair-cost/::imp=9::pos=33.2::clk=0
LOW,fireplace repair koreatown,1,9,0,27.8,/outdoor/fireplace-repair/,/koreatown/,True,0,9,/koreatown/::imp=9::pos=27.8::clk=0
LOW,food processor repair,1,9,0,31.3,/,/commercial/food-processor-repair/,True,0,9,/commercial/food-processor-repair/::imp=9::pos=31.3::clk=0
LOW,ghost kitchen equipment repair,1,9,0,34.7,/,/for-business/restaurants/,True,0,9,/for-business/restaurants/::imp=9::pos=34.7::clk=0
LOW,ice maker repair laguna niguel,1,9,0,47.0,/laguna-niguel/ice-maker-repair/,/laguna-niguel/,True,0,9,/laguna-niguel/::imp=9::pos=47.0::clk=0
LOW,kenmore coldspot refrigerator repair,1,9,0,45.3,/brands/kenmore-refrigerator-repair/,/brands/kenmore/kenmore-refrigerator-repair/,True,0,9,/brands/kenmore/kenmore-refrigerator-repair/::imp=9::pos=45.3::clk=0
LOW,lg gas dryer repair,1,9,0,42.9,/brands/lg-dryer-repair/,/brands/lg/,True,0,9,/brands/lg/::imp=9::pos=42.9::clk=0
LOW,thermostat replacement hemet ca,1,9,0,25.1,/,/hemet/,True,0,9,/hemet/::imp=9::pos=25.1::clk=0
LOW,thousand oaks freezer repair,1,9,0,7.4,/thousand-oaks/refrigerator-repair/,/thousand-oaks/,True,0,9,/thousand-oaks/::imp=9::pos=7.4::clk=0
LOW,thousand oaks oven repair,1,9,0,39.1,/thousand-oaks/oven-repair/,/thousand-oaks/,True,0,9,/thousand-oaks/::imp=9::pos=39.1::clk=0
LOW,weber barbecue repair,1,9,0,19.6,/,/services/bbq-grill-repair-los-angeles/,True,0,9,/services/bbq-grill-repair-los-angeles/::imp=9::pos=19.6::clk=0
LOW,wine cellar condenser repair,1,9,0,20.7,/services/wine-cellar-cooling-repair/,/services/wine-cooler-repair-los-angeles/,True,0,9,/services/wine-cooler-repair-los-angeles/::imp=9::pos=20.7::clk=0
LOW,wine cellar refrigeration repair,1,9,0,69.8,/services/wine-cellar-cooling-repair/,/services/wine-cellar-cooling-repair/,False,9,9,/services/wine-cellar-cooling-repair/::imp=9::pos=69.8::clk=0
LOW,wine cellar servicing,1,9,0,19.9,/services/wine-cellar-cooling-repair/,/services/wine-cellar-repair-los-angeles/,True,0,9,/services/wine-cellar-repair-los-angeles/::imp=9::pos=19.9::clk=0
LOW,24 hour freezer repair,1,8,0,44.1,/services/refrigerator-repair/,/los-angeles/,True,0,8,/los-angeles/::imp=8::pos=44.1::clk=0
LOW,ammonia refrigeration repair california,1,8,0,84.0,/,/services/outdoor-refrigerator-repair/,True,0,8,/services/outdoor-refrigerator-repair/::imp=8::pos=84.0::clk=0
LOW,appliance fontana california,1,8,0,83.2,/fontana/,/fontana/,False,8,8,/fontana/::imp=8::pos=83.2::clk=0
LOW,appliance repair business insurance,1,8,0,67.2,/,/credentials/insured/,True,0,8,/credentials/insured/::imp=8::pos=67.2::clk=0
LOW,appliance repair calabasas ca,1,8,0,50.4,/calabasas/,/calabasas/,False,8,8,/calabasas/::imp=8::pos=50.4::clk=0
LOW,appliance repair port hueneme ca,1,8,0,37.0,/,/oxnard/,True,0,8,/oxnard/::imp=8::pos=37.0::clk=0
LOW,avantco oven repair,1,8,0,58.4,/services/oven-repair/,/commercial/oven-repair/,True,0,8,/commercial/oven-repair/::imp=8::pos=58.4::clk=0
LOW,bel air appliance repair,1,8,0,40.9,/bel-air/,/bel-air/,False,8,8,/bel-air/::imp=8::pos=40.9::clk=0
LOW,brentwood appliance repair,1,8,0,59.9,/brentwood/,/brentwood/,False,8,8,/brentwood/::imp=8::pos=59.9::clk=0
LOW,built-in grill repair,1,8,0,23.1,/outdoor/grill-repair/,/services/bbq-grill-repair-los-angeles/,True,0,8,/services/bbq-grill-repair-los-angeles/::imp=8::pos=23.1::clk=0
LOW,capital barbecue repair,1,8,0,22.6,/,/services/bbq-grill-repair-los-angeles/,True,0,8,/services/bbq-grill-repair-los-angeles/::imp=8::pos=22.6::clk=0
LOW,champion dishwasher repair,1,8,0,14.2,/brands/champion-dishwasher-repair-dishwasher-repair/,/brands/champion-dishwasher-repair/,True,0,8,/brands/champion-dishwasher-repair/::imp=8::pos=14.2::clk=0
LOW,commercial dishwasher service,1,8,0,29.4,/commercial/dishwasher-repair/,/services/commercial-dishwasher-repair-los-angeles/,True,0,8,/services/commercial-dishwasher-repair-los-angeles/::imp=8::pos=29.4::clk=0
LOW,cost of refrigerator compressor repair,1,8,0,73.5,/price-list/refrigerator-repair-cost/,/price-list/refrigerator-repair-cost/,False,8,8,/price-list/refrigerator-repair-cost/::imp=8::pos=73.5::clk=0
LOW,cost to repair a water heater,1,8,0,96.2,/,/price-list/water-heater-repair-cost/,True,0,8,/price-list/water-heater-repair-cost/::imp=8::pos=96.2::clk=0
LOW,dishwasher repair and maintenance services market,1,8,0,90.8,/services/dishwasher-repair/,/price-list/,True,0,8,/price-list/::imp=8::pos=90.8::clk=0
LOW,dryer repair brentwood,1,8,0,59.1,/brentwood/dryer-repair/,/brentwood/,True,0,8,/brentwood/::imp=8::pos=59.1::clk=0
LOW,electric oven repair cost,1,8,0,21.5,/price-list/oven-repair-cost/,/price-list/oven-repair-cost/,False,8,8,/price-list/oven-repair-cost/::imp=8::pos=21.5::clk=0
LOW,fisher & paykel dishwasher repair,1,8,0,63.9,/services/dishwasher-repair/,/brands/fisher-paykel-dishwasher-repair/,True,0,8,/brands/fisher-paykel-dishwasher-repair/::imp=8::pos=63.9::clk=0
LOW,fix my barbecue,1,8,0,21.4,/,/services/bbq-grill-repair-los-angeles/,True,0,8,/services/bbq-grill-repair-los-angeles/::imp=8::pos=21.4::clk=0
LOW,fix my barbecue grill,1,8,0,24.0,/outdoor/grill-repair/,/services/bbq-grill-repair-los-angeles/,True,0,8,/services/bbq-grill-repair-los-angeles/::imp=8::pos=24.0::clk=0
LOW,freestanding grill repair,1,8,0,36.6,/outdoor/grill-repair/,/services/bbq-grill-repair-los-angeles/,True,0,8,/services/bbq-grill-repair-los-angeles/::imp=8::pos=36.6::clk=0
LOW,freezer box repair,1,8,0,33.9,/services/refrigerator-repair/,/services/freezer-repair-los-angeles/,True,0,8,/services/freezer-repair-los-angeles/::imp=8::pos=33.9::clk=0
LOW,hood fan repair,1,8,0,57.8,/,/services/range-hood-repair/,True,0,8,/services/range-hood-repair/::imp=8::pos=57.8::clk=0
LOW,ice maker repair riverside,1,8,0,17.4,/riverside/ice-maker-repair/,/riverside/,True,0,8,/riverside/::imp=8::pos=17.4::clk=0
LOW,kitchen repairs ventura ca,1,8,0,51.6,/ventura/,/ventura/,False,8,8,/ventura/::imp=8::pos=51.6::clk=0
LOW,laundromat appliance repair,1,8,0,51.5,/,/commercial/washer-repair/,True,0,8,/commercial/washer-repair/::imp=8::pos=51.5::clk=0
LOW,lg freezer repair,1,8,0,63.2,/brands/lg-freezer-repair-refrigerator-repair/,/brands/lg/,True,0,8,/brands/lg/::imp=8::pos=63.2::clk=0
LOW,lg refrigerator repairs,1,8,0,74.6,/brands/lg-refrigerator-repair/,/brands/lg/,True,0,8,/brands/lg/::imp=8::pos=74.6::clk=0
LOW,liebherr freezer repair,1,8,0,53.4,/brands/liebherr-refrigerator-repair/,/brands/liebherr/,True,0,8,/brands/liebherr/::imp=8::pos=53.4::clk=0
LOW,maytag repair costa mesa,1,8,0,41.8,/brands/maytag/,/costa-mesa/,True,0,8,/costa-mesa/::imp=8::pos=41.8::clk=0
LOW,oven repair temecula,1,8,0,48.0,/temecula/oven-repair/,/temecula/,True,0,8,/temecula/::imp=8::pos=48.0::clk=0
LOW,refrigerator commercial repair,1,8,0,60.9,/commercial/refrigerator-repair/,/commercial/refrigerator-repair/,False,8,8,/commercial/refrigerator-repair/::imp=8::pos=60.9::clk=0
LOW,refrigerator repair pasadena ca,1,8,0,21.1,/pasadena/refrigerator-repair/,/pasadena/,True,0,8,/pasadena/::imp=8::pos=21.1::clk=0
LOW,refrigerator repair rancho cucamonga,1,8,0,43.6,/rancho-cucamonga/refrigerator-repair/,/rancho-cucamonga/,True,0,8,/rancho-cucamonga/::imp=8::pos=43.6::clk=0
LOW,refrigerator repair thousand oaks,1,8,0,32.8,/thousand-oaks/refrigerator-repair/,/thousand-oaks/,True,0,8,/thousand-oaks/::imp=8::pos=32.8::clk=0
LOW,refrigerator repair west hollywood,1,8,0,16.0,/hollywood/refrigerator-repair/,/west-hollywood/,True,0,8,/west-hollywood/::imp=8::pos=16.0::clk=0
LOW,same day appliance inc,1,8,0,8.4,/,/,False,8,8,/::imp=8::pos=8.4::clk=0
LOW,samsung washer repair laguna niguel,1,8,0,47.6,/brands/samsung-washer-repair-washer-repair/,/laguna-niguel/,True,0,8,/laguna-niguel/::imp=8::pos=47.6::clk=0
LOW,stove repair los angeles,1,8,0,45.2,/los-angeles/oven-repair/,/services/stove-repair/,True,0,8,/services/stove-repair/::imp=8::pos=45.2::clk=0
LOW,thermostat installation hemet ca,1,8,0,48.5,/,/hemet/,True,0,8,/hemet/::imp=8::pos=48.5::clk=0
LOW,traulsen appliance repair,1,8,0,13.0,/brands/traulsen/,/traulsen-refrigeration-repair/,True,0,8,/traulsen-refrigeration-repair/::imp=8::pos=13.0::clk=0
LOW,upright freezer repair,1,8,0,54.6,/services/refrigerator-repair/,/services/freezer-repair/,True,0,8,/services/freezer-repair/::imp=8::pos=54.6::clk=0
LOW,walk-in freezer repair arlington,1,8,0,67.1,/services/refrigerator-repair/,/,True,0,8,/::imp=8::pos=67.1::clk=0
LOW,wall mounted heater repair,1,8,0,61.2,/,/services/wall-heater-repair-los-angeles/,True,0,8,/services/wall-heater-repair-los-angeles/::imp=8::pos=61.2::clk=0
LOW,weber bbq repair,1,8,0,21.0,/outdoor/grill-repair/,/services/bbq-grill-repair-los-angeles/,True,0,8,/services/bbq-grill-repair-los-angeles/::imp=8::pos=21.0::clk=0
LOW,west hills stove repair,1,8,0,60.2,/services/oven-repair/,/west-hollywood/,True,0,8,/west-hollywood/::imp=8::pos=60.2::clk=0
LOW,wine cellar refrigeration service,1,8,0,75.0,/services/wine-cellar-cooling-repair/,/services/wine-cellar-cooling-repair/,False,8,8,/services/wine-cellar-cooling-repair/::imp=8::pos=75.0::clk=0
LOW,wine chiller repair,1,8,0,67.2,/,/services/wine-cooler-repair/,True,0,8,/services/wine-cooler-repair/::imp=8::pos=67.2::clk=0
LOW,woodland hills emergancy appliance repair,1,8,0,74.9,/woodland-hills/,/woodland-hills/,False,8,8,/woodland-hills/::imp=8::pos=74.9::clk=0
LOW,appliance repair lake elsinore,1,7,0,35.9,/lake-elsinore/,/lake-elsinore/,False,7,7,/lake-elsinore/::imp=7::pos=35.9::clk=0
LOW,appliance repair technician​,1,7,0,23.9,/,/west-hollywood/,True,0,7,/west-hollywood/::imp=7::pos=23.9::clk=0
LOW,appliance repair west hills,1,7,0,59.1,/,/west-hollywood/,True,0,7,/west-hollywood/::imp=7::pos=59.1::clk=0
LOW,average dishwasher repair cost 2026,1,7,0,12.0,/price-list/dishwasher-repair-cost/,/price-list/dishwasher-repair-cost/,False,7,7,/price-list/dishwasher-repair-cost/::imp=7::pos=12.0::clk=0
LOW,barbecue grill repair in southern california,1,7,0,41.6,/outdoor/grill-repair/,/services/bbq-grill-repair-los-angeles/,True,0,7,/services/bbq-grill-repair-los-angeles/::imp=7::pos=41.6::clk=0
LOW,barbecue restoration,1,7,0,24.1,/,/services/bbq-grill-repair-los-angeles/,True,0,7,/services/bbq-grill-repair-los-angeles/::imp=7::pos=24.1::clk=0
LOW,barbeque repair,1,7,0,37.6,/,/services/bbq-grill-repair-los-angeles/,True,0,7,/services/bbq-grill-repair-los-angeles/::imp=7::pos=37.6::clk=0
LOW,bosch appliance repair brentwood,1,7,0,43.6,/brands/bosch/,/brentwood/,True,0,7,/brentwood/::imp=7::pos=43.6::clk=0
LOW,bosch dishwasher door spring repair cost,1,7,0,7.1,/price-list/dishwasher-repair-cost/,/price-list/dishwasher-repair-cost/,False,7,7,/price-list/dishwasher-repair-cost/::imp=7::pos=7.1::clk=0
LOW,built-in fridge repair,1,7,0,66.1,/services/refrigerator-repair/,/services/built-in-refrigerator-repair/,True,0,7,/services/built-in-refrigerator-repair/::imp=7::pos=66.1::clk=0
LOW,charcoal bbq repair,1,7,0,17.3,/outdoor/grill-repair/,/services/bbq-grill-repair-los-angeles/,True,0,7,/services/bbq-grill-repair-los-angeles/::imp=7::pos=17.3::clk=0
LOW,commercial appliance repair,1,7,0,3.9,/,/west-hollywood/,True,0,7,/west-hollywood/::imp=7::pos=3.9::clk=0
LOW,commercial ice machine repair cost average,1,7,0,5.4,/commercial/ice-machine-repair/,/price-list/commercial-ice-machine-repair-cost/,True,0,7,/price-list/commercial-ice-machine-repair-cost/::imp=7::pos=5.4::clk=0
LOW,commercial kitchen ventilation repairs cost,1,7,0,7.9,/,/price-list/commercial-exhaust-hood-repair-cost/,True,0,7,/price-list/commercial-exhaust-hood-repair-cost/::imp=7::pos=7.9::clk=0
LOW,commercial laundry repair service,1,7,0,47.6,/,/commercial/washer-repair/,True,0,7,/commercial/washer-repair/::imp=7::pos=47.6::clk=0
LOW,commercial oven repair,1,7,0,71.6,/commercial/oven-repair/,/commercial/oven-repair/,False,7,7,/commercial/oven-repair/::imp=7::pos=71.6::clk=0
LOW,commercial refrigeration service rates,1,7,0,15.0,/,/price-list/commercial-refrigerator-repair-cost/,True,0,7,/price-list/commercial-refrigerator-repair-cost/::imp=7::pos=15.0::clk=0
LOW,commercial refrigerator repair los angeles,1,7,0,63.0,/commercial/refrigerator-repair/,/commercial/refrigeration/,True,0,7,/commercial/refrigeration/::imp=7::pos=63.0::clk=0
LOW,cost air conditioner repair,1,7,0,62.0,/,/price-list/air-conditioner-repair-cost/,True,0,7,/price-list/air-conditioner-repair-cost/::imp=7::pos=62.0::clk=0
LOW,dishwasher repair laguna niguel,1,7,0,46.0,/laguna-niguel/dishwasher-repair/,/laguna-niguel/,True,0,7,/laguna-niguel/::imp=7::pos=46.0::clk=0
LOW,fireplace repair,1,7,0,14.7,/outdoor/fireplace-repair/,/services/fireplace-repair-los-angeles/,True,0,7,/services/fireplace-repair-los-angeles/::imp=7::pos=14.7::clk=0
LOW,fisher paykel dishwasher repair,1,7,0,70.4,/brands/fisher-paykel-dishwasher-repair-dishwasher-repair/,/brands/fisher-paykel-dishwasher-repair/,True,0,7,/brands/fisher-paykel-dishwasher-repair/::imp=7::pos=70.4::clk=0
LOW,fisher paykel oven repair,1,7,0,51.6,/brands/fisher-paykel-oven-repair-oven-repair/,/brands/fisher-paykel-oven-repair/,True,0,7,/brands/fisher-paykel-oven-repair/::imp=7::pos=51.6::clk=0
LOW,fridge repair in woodland hills,1,7,0,87.6,/woodland-hills/refrigerator-repair/,/woodland-hills/,True,0,7,/woodland-hills/::imp=7::pos=87.6::clk=0
LOW,ge cafe refrigerator repair,1,7,0,26.4,/brands/ge-cafe-refrigerator-repair-refrigerator-repair/,/brands/ge-cafe/,True,0,7,/brands/ge-cafe/::imp=7::pos=26.4::clk=0
LOW,ge repair mission viejo,1,7,0,45.7,/brands/ge/,/mission-viejo/,True,0,7,/mission-viejo/::imp=7::pos=45.7::clk=0
LOW,heat pump service cost,1,7,0,66.3,/,/price-list/heat-pump-repair-cost/,True,0,7,/price-list/heat-pump-repair-cost/::imp=7::pos=66.3::clk=0
LOW,hollywood home appliance repair,1,7,0,72.0,/hollywood/,/hollywood/,False,7,7,/hollywood/::imp=7::pos=72.0::clk=0
LOW,how much does it cost to repair a dryer,1,7,0,51.7,/price-list/dryer-repair-cost/,/price-list/dryer-repair-cost/,False,7,7,/price-list/dryer-repair-cost/::imp=7::pos=51.7::clk=0
LOW,huntington beach washing machine repair,1,7,0,65.4,/huntington-beach/washer-repair/,/huntington-beach/,True,0,7,/huntington-beach/::imp=7::pos=65.4::clk=0
LOW,"hvac services in pacific palisades, ca",1,7,0,84.6,/,/pacific-palisades/,True,0,7,/pacific-palisades/::imp=7::pos=84.6::clk=0
LOW,lg microwave oven repair,1,7,0,61.6,/brands/lg-microwave-repair/,/brands/lg/,True,0,7,/brands/lg/::imp=7::pos=61.6::clk=0
LOW,lg washer repair los angeles,1,7,0,42.6,/brands/lg-washer-repair-washer-repair/,/brands/lg/,True,0,7,/brands/lg/::imp=7::pos=42.6::clk=0
LOW,liebherr fridge repair,1,7,0,66.9,/brands/liebherr-refrigerator-repair/,/brands/liebherr/,True,0,7,/brands/liebherr/::imp=7::pos=66.9::clk=0
LOW,liebherr refrigerator repair,1,7,0,69.6,/brands/liebherr-refrigerator-repair-refrigerator-repair/,/brands/liebherr/,True,0,7,/brands/liebherr/::imp=7::pos=69.6::clk=0
LOW,los angeles heater repair,1,7,0,50.1,/los-angeles/,/services/wall-heater-repair-los-angeles/,True,0,7,/services/wall-heater-repair-los-angeles/::imp=7::pos=50.1::clk=0
LOW,margarita machine repair,1,7,0,85.6,/,/commercial/ice-machines/,True,0,7,/commercial/ice-machines/::imp=7::pos=85.6::clk=0
LOW,refrigerator repair costa mesa,1,7,0,70.0,/price-list/refrigerator-repair-cost/,/costa-mesa/,True,0,7,/costa-mesa/::imp=7::pos=70.0::clk=0
LOW,refrigerator repair hemet ca,1,7,0,31.4,/hemet/refrigerator-repair/,/hemet/,True,0,7,/hemet/::imp=7::pos=31.4::clk=0
LOW,repair kenmore refrigerator,1,7,0,48.6,/brands/kenmore-refrigerator-repair/,/brands/kenmore/kenmore-refrigerator-repair/,True,0,7,/brands/kenmore/kenmore-refrigerator-repair/::imp=7::pos=48.6::clk=0
LOW,restaurant dishwasher repair,1,7,0,45.7,/services/dishwasher-repair/,/services/commercial-dishwasher-repair-los-angeles/,True,0,7,/services/commercial-dishwasher-repair-los-angeles/::imp=7::pos=45.7::clk=0
LOW,samsung dryer squeaking repair cost,1,7,0,25.3,/price-list/dryer-repair-cost/,/price-list/dryer-repair-cost/,False,7,7,/price-list/dryer-repair-cost/::imp=7::pos=25.3::clk=0
LOW,samsung refrigerator repair laguna niguel,1,7,0,48.9,/brands/samsung-refrigerator-repair-refrigerator-repair/,/laguna-niguel/,True,0,7,/laguna-niguel/::imp=7::pos=48.9::clk=0
LOW,servicing wine cellar los angeles ca,1,7,0,28.6,/los-angeles/wine-cellar-cooling-repair/,/services/wine-cellar-repair-los-angeles/,True,0,7,/services/wine-cellar-repair-los-angeles/::imp=7::pos=28.6::clk=0
LOW,sub zero refrigerator repair los angeles,1,7,0,61.7,/brands/sub-zero-refrigerator-repair-refrigerator-repair/,/brands/sub-zero/,True,0,7,/brands/sub-zero/::imp=7::pos=61.7::clk=0
LOW,undercounter freezer repair,1,7,0,40.4,/services/refrigerator-repair/,/services/refrigerator-repair/,False,7,7,/services/refrigerator-repair/::imp=7::pos=40.4::clk=0
LOW,walk in cooler repair reno nv,1,7,0,65.3,/commercial/walk-in-cooler-repair/,/commercial/refrigeration/walk-in-cooler-repair/,True,0,7,/commercial/refrigeration/walk-in-cooler-repair/::imp=7::pos=65.3::clk=0
LOW,walk in freezer repair los angeles,1,7,0,61.6,/los-angeles/refrigerator-repair/,/,True,0,7,/::imp=7::pos=61.6::clk=0
LOW,walk-in cooler repair arlington,1,7,0,63.6,/commercial/walk-in-cooler-repair/,/,True,0,7,/::imp=7::pos=63.6::clk=0
LOW,wall heater service,1,7,0,46.6,/,/services/wall-heater-repair-los-angeles/,True,0,7,/services/wall-heater-repair-los-angeles/::imp=7::pos=46.6::clk=0
LOW,wall heater service near me,1,7,0,15.1,/,/services/wall-heater-repair-los-angeles/,True,0,7,/services/wall-heater-repair-los-angeles/::imp=7::pos=15.1::clk=0
LOW,washer repair burbank,1,7,0,61.0,/burbank/washer-repair/,/burbank/,True,0,7,/burbank/::imp=7::pos=61.0::clk=0
LOW,washer repair west hollywood,1,7,0,15.0,/hollywood/washer-repair/,/west-hollywood/,True,0,7,/west-hollywood/::imp=7::pos=15.0::clk=0
LOW,washing machine repair rancho cucamonga,1,7,0,39.7,/rancho-cucamonga/washer-repair/,/rancho-cucamonga/,True,0,7,/rancho-cucamonga/::imp=7::pos=39.7::clk=0
LOW,water heater repair san marino,1,7,0,21.9,/san-marino/,/san-marino/,False,7,7,/san-marino/::imp=7::pos=21.9::clk=0
LOW,weber grill repairman,1,7,0,17.7,/outdoor/grill-repair/,/services/bbq-grill-repair-los-angeles/,True,0,7,/services/bbq-grill-repair-los-angeles/::imp=7::pos=17.7::clk=0
LOW,wine cellar maintenance,1,7,0,58.0,/services/wine-cellar-cooling-repair/,/services/wine-cellar-repair-los-angeles/,True,0,7,/services/wine-cellar-repair-los-angeles/::imp=7::pos=58.0::clk=0
LOW,wine guardian orange county,1,7,0,18.4,/,/brands/wine-guardian-repair/,True,0,7,/brands/wine-guardian-repair/::imp=7::pos=18.4::clk=0
LOW,ac repair cost los angeles,1,6,0,22.7,/los-angeles/,/price-list/air-conditioner-repair-cost/,True,0,6,/price-list/air-conditioner-repair-cost/::imp=6::pos=22.7::clk=0
LOW,ac repair near me,1,6,0,34.3,/,/thousand-oaks/,True,0,6,/thousand-oaks/::imp=6::pos=34.3::clk=0
LOW,adc dryer repair,1,6,0,15.7,/services/dryer-repair/,/services/commercial-dryer-repair-los-angeles/,True,0,6,/services/commercial-dryer-repair-los-angeles/::imp=6::pos=15.7::clk=0
LOW,after-sales service for industrial ovens,1,6,0,89.3,/,/commercial/oven-repair/,True,0,6,/commercial/oven-repair/::imp=6::pos=89.3::clk=0
LOW,air conditioner repair cost guide,1,6,0,71.5,/,/price-list/air-conditioner-repair-cost/,True,0,6,/price-list/air-conditioner-repair-cost/::imp=6::pos=71.5::clk=0
LOW,air fryer repair shop,1,6,0,77.2,/commercial/fryer-repair/,/commercial/fryer-repair/,False,6,6,/commercial/fryer-repair/::imp=6::pos=77.2::clk=0
LOW,appliance repair hemet ca,1,6,0,33.2,/hemet/,/hemet/,False,6,6,/hemet/::imp=6::pos=33.2::clk=0
LOW,appliance repair laguna niguel,1,6,0,55.0,/laguna-niguel/,/laguna-niguel/,False,6,6,/laguna-niguel/::imp=6::pos=55.0::clk=0
LOW,appliance repair menifee,1,6,0,38.3,/menifee/,/menifee/,False,6,6,/menifee/::imp=6::pos=38.3::clk=0
LOW,appliance repair mission viejo,1,6,0,53.8,/mission-viejo/,/mission-viejo/,False,6,6,/mission-viejo/::imp=6::pos=53.8::clk=0
LOW,appliance repair sun valley ca,1,6,0,74.3,/,/west-hollywood/,True,0,6,/west-hollywood/::imp=6::pos=74.3::clk=0
LOW,appliance repair tarzana ca,1,6,0,33.3,/tarzana/,/tarzana/,False,6,6,/tarzana/::imp=6::pos=33.3::clk=0
LOW,appliance repair villa park ca,1,6,0,24.7,/villa-park/,/villa-park/,False,6,6,/villa-park/::imp=6::pos=24.7::clk=0
LOW,appliance store arcadia,1,6,0,29.5,/arcadia/,/arcadia/,False,6,6,/arcadia/::imp=6::pos=29.5::clk=0
LOW,average dryer repair cost,1,6,0,50.7,/price-list/dryer-repair-cost/,/price-list/dryer-repair-cost/,False,6,6,/price-list/dryer-repair-cost/::imp=6::pos=50.7::clk=0
LOW,bbq grill repair glendale,1,6,0,13.2,/outdoor/grill-repair/,/services/bbq-grill-repair-los-angeles/,True,0,6,/services/bbq-grill-repair-los-angeles/::imp=6::pos=13.2::clk=0
LOW,bbq grill repair near me,1,6,0,13.8,/outdoor/grill-repair/,/services/bbq-grill-repair-los-angeles/,True,0,6,/services/bbq-grill-repair-los-angeles/::imp=6::pos=13.8::clk=0
LOW,bosch dishwasher repair cost,1,6,0,23.2,/price-list/dishwasher-repair-cost/,/price-list/dishwasher-repair-cost/,False,6,6,/price-list/dishwasher-repair-cost/::imp=6::pos=23.2::clk=0
LOW,brentwood dishwasher repair,1,6,0,53.0,/brentwood/dishwasher-repair/,/brentwood/,True,0,6,/brentwood/::imp=6::pos=53.0::clk=0
LOW,cafe refrigerator repair,1,6,0,47.7,/services/refrigerator-repair/,/brands/ge-cafe/,True,0,6,/brands/ge-cafe/::imp=6::pos=47.7::clk=0
LOW,calabasas freezer repair,1,6,0,78.0,/calabasas/refrigerator-repair/,/calabasas/,True,0,6,/calabasas/::imp=6::pos=78.0::clk=0
LOW,commercial convection oven repair,1,6,0,58.7,/commercial/oven-repair/,/commercial/oven-repair/,False,6,6,/commercial/oven-repair/::imp=6::pos=58.7::clk=0
LOW,commercial exhaust fan repair glendale ca,1,6,0,36.8,/glendale/,/commercial/exhaust-hood-repair/,True,0,6,/commercial/exhaust-hood-repair/::imp=6::pos=36.8::clk=0
LOW,commercial washer service,1,6,0,83.3,/commercial/washer-repair/,/commercial/washer-repair/,False,6,6,/commercial/washer-repair/::imp=6::pos=83.3::clk=0
LOW,cooktop repair cost,1,6,0,28.2,/price-list/cooktop-repair-cost/,/price-list/cooktop-repair-cost/,False,6,6,/price-list/cooktop-repair-cost/::imp=6::pos=28.2::clk=0
LOW,cost of garbage disposal repair,1,6,0,74.3,/price-list/garbage-disposal-repair-cost/,/price-list/garbage-disposal-repair-cost/,False,6,6,/price-list/garbage-disposal-repair-cost/::imp=6::pos=74.3::clk=0
LOW,cost to fix fireplace,1,6,0,30.2,/outdoor/fireplace-repair/,/price-list/fireplace-repair-cost/,True,0,6,/price-list/fireplace-repair-cost/::imp=6::pos=30.2::clk=0
LOW,dryer motor repair cost,1,6,0,31.8,/price-list/dryer-repair-cost/,/price-list/dryer-motor-replacement-cost/,True,0,6,/price-list/dryer-motor-replacement-cost/::imp=6::pos=31.8::clk=0
LOW,dryer repairman cost,1,6,0,30.0,/price-list/dryer-repair-cost/,/price-list/dryer-repair-cost/,False,6,6,/price-list/dryer-repair-cost/::imp=6::pos=30.0::clk=0
LOW,fisher and paykel repair,1,6,0,63.2,/,/brand-fisher-paykel-appliance-repair/,True,0,6,/brand-fisher-paykel-appliance-repair/::imp=6::pos=63.2::clk=0
LOW,fix my bbq grill,1,6,0,24.3,/outdoor/grill-repair/,/services/bbq-grill-repair-los-angeles/,True,0,6,/services/bbq-grill-repair-los-angeles/::imp=6::pos=24.3::clk=0
LOW,ge dishwasher repair cost,1,6,0,13.3,/price-list/dishwasher-repair-cost/,/price-list/dishwasher-repair-cost/,False,6,6,/price-list/dishwasher-repair-cost/::imp=6::pos=13.3::clk=0
LOW,ge repair near me,1,6,0,34.5,/brands/ge/,/riverside-county/,True,0,6,/riverside-county/::imp=6::pos=34.5::clk=0
LOW,ge washer dryer combo repair,1,6,0,73.7,/brands/ge-washer-repair/,/brands/ge-washer-repair/,False,6,6,/brands/ge-washer-repair/::imp=6::pos=73.7::clk=0
LOW,grill restoration near me,1,6,0,13.7,/outdoor/grill-repair/,/services/bbq-grill-repair-los-angeles/,True,0,6,/services/bbq-grill-repair-los-angeles/::imp=6::pos=13.7::clk=0
LOW,heating replacement los angeles,1,6,0,46.0,/,/services/wall-heater-repair-los-angeles/,True,0,6,/services/wall-heater-repair-los-angeles/::imp=6::pos=46.0::clk=0
LOW,high end appliance repair brentwood,1,6,0,40.2,/brentwood/,/brentwood/,False,6,6,/brentwood/::imp=6::pos=40.2::clk=0
LOW,how much does it cost to fix an oven,1,6,0,25.5,/price-list/oven-repair-cost/,/price-list/oven-repair-cost/,False,6,6,/price-list/oven-repair-cost/::imp=6::pos=25.5::clk=0
LOW,how much it cost to fix a machine in laudramat,1,6,0,9.0,/,/price-list/commercial-laundry-repair-cost/,True,0,6,/price-list/commercial-laundry-repair-cost/::imp=6::pos=9.0::clk=0
LOW,how much to fix a refrigerator,1,6,0,75.3,/price-list/refrigerator-repair-cost/,/price-list/refrigerator-repair-cost/,False,6,6,/price-list/refrigerator-repair-cost/::imp=6::pos=75.3::clk=0
LOW,hvac services price list los angeles,1,6,0,40.3,/,/price-list/air-conditioner-repair-cost/,True,0,6,/price-list/air-conditioner-repair-cost/::imp=6::pos=40.3::clk=0
LOW,infrared bbq repair,1,6,0,17.0,/outdoor/grill-repair/,/services/bbq-grill-repair-los-angeles/,True,0,6,/services/bbq-grill-repair-los-angeles/::imp=6::pos=17.0::clk=0
LOW,kitchen appliance repair near me,1,6,0,39.7,/,/west-hollywood/,True,0,6,/west-hollywood/::imp=6::pos=39.7::clk=0
LOW,lg microwave repair,1,6,0,60.5,/brands/lg-microwave-repair-microwave-repair/,/brands/lg/,True,0,6,/brands/lg/::imp=6::pos=60.5::clk=0
LOW,liebherr repair,1,6,0,68.2,/brands/liebherr/,/brands/liebherr/,False,6,6,/brands/liebherr/::imp=6::pos=68.2::clk=0
LOW,lynx bbq repair,1,6,0,71.7,/outdoor/grill-repair/,/outdoor/,True,0,6,/outdoor/::imp=6::pos=71.7::clk=0
LOW,lynx grill repair,1,6,0,59.2,/outdoor/grill-repair/,/outdoor/,True,0,6,/outdoor/::imp=6::pos=59.2::clk=0
LOW,oven repair rancho cucamonga,1,6,0,40.0,/rancho-cucamonga/oven-repair/,/rancho-cucamonga/,True,0,6,/rancho-cucamonga/::imp=6::pos=40.0::clk=0
LOW,oven repair thousand oaks,1,6,0,8.3,/thousand-oaks/oven-repair/,/thousand-oaks/,True,0,6,/thousand-oaks/::imp=6::pos=8.3::clk=0
LOW,patio heater repair service near me,1,6,0,27.5,/outdoor/patio-heater-repair/,/outdoor/patio-heater-repair/,False,6,6,/outdoor/patio-heater-repair/::imp=6::pos=27.5::clk=0
LOW,refrigerator repair corona ca,1,6,0,39.8,/corona/refrigerator-repair/,/corona/,True,0,6,/corona/::imp=6::pos=39.8::clk=0
LOW,refrigerator repair service,1,6,0,14.7,/services/refrigerator-repair/,/beverly-hills/,True,0,6,/beverly-hills/::imp=6::pos=14.7::clk=0
LOW,refrigerator repair temecula,1,6,0,51.3,/temecula/refrigerator-repair/,/temecula/,True,0,6,/temecula/::imp=6::pos=51.3::clk=0
LOW,restaurant dishwasher service,1,6,0,32.3,/services/dishwasher-repair/,/services/commercial-dishwasher-repair-los-angeles/,True,0,6,/services/commercial-dishwasher-repair-los-angeles/::imp=6::pos=32.3::clk=0
LOW,rotisserie oven service,1,6,0,55.2,/services/oven-repair/,/brands/bki-rotisserie-repair/,True,0,6,/brands/bki-rotisserie-repair/::imp=6::pos=55.2::clk=0
LOW,samsung washer repair cost,1,6,0,25.7,/price-list/washer-repair-cost/,/price-list/washer-repair-cost/,False,6,6,/price-list/washer-repair-cost/::imp=6::pos=25.7::clk=0
LOW,speed queen dryer repair,1,6,0,82.5,/brands/speed-queen-dryer-repair/,/brands/speed-queen-washer-dryer-repair/,True,0,6,/brands/speed-queen-washer-dryer-repair/::imp=6::pos=82.5::clk=0
LOW,thermador ice maker repair,1,6,0,64.7,/brands/thermador-ice-maker-repair-ice-maker-repair/,/brands/thermador-refrigerator-repair/,True,0,6,/brands/thermador-refrigerator-repair/::imp=6::pos=64.7::clk=0
LOW,upland appliance repair,1,6,0,29.0,/upland/,/upland/,False,6,6,/upland/::imp=6::pos=29.0::clk=0
LOW,ventilation hood repair,1,6,0,67.2,/,/services/range-hood-repair/,True,0,6,/services/range-hood-repair/::imp=6::pos=67.2::clk=0
LOW,walk in cooler installation los angeles,1,6,0,54.2,/commercial/walk-in-cooler-repair/,/,True,0,6,/::imp=6::pos=54.2::clk=0
LOW,walk in refrigerator repair near me,1,6,0,42.7,/services/refrigerator-repair/,/,True,0,6,/::imp=6::pos=42.7::clk=0
LOW,walk in refrigerator service north shore,1,6,0,42.3,/services/refrigerator-repair/,/,True,0,6,/::imp=6::pos=42.3::clk=0
LOW,washer repair beverly hills,1,6,0,8.0,/beverly-hills/washer-repair/,/west-hollywood/,True,0,6,/west-hollywood/::imp=6::pos=8.0::clk=0
LOW,washer repair cost,1,6,0,51.3,/price-list/washer-repair-cost/,/price-list/washer-repair-cost/,False,6,6,/price-list/washer-repair-cost/::imp=6::pos=51.3::clk=0
LOW,washer repair rancho cucamonga,1,6,0,35.7,/rancho-cucamonga/washer-repair/,/rancho-cucamonga/,True,0,6,/rancho-cucamonga/::imp=6::pos=35.7::clk=0
LOW,washing machine repair and maintenance services market,1,6,0,91.0,/services/washer-repair/,/price-list/washer-repair-cost/,True,0,6,/price-list/washer-repair-cost/::imp=6::pos=91.0::clk=0
LOW,washing machine repair cost,1,6,0,52.7,/price-list/washer-repair-cost/,/price-list/washer-repair-cost/,False,6,6,/price-list/washer-repair-cost/::imp=6::pos=52.7::clk=0
LOW,wine cellar refrigeration experts,1,6,0,21.0,/services/wine-cellar-cooling-repair/,/services/wine-cellar-repair-los-angeles/,True,0,6,/services/wine-cellar-repair-los-angeles/::imp=6::pos=21.0::clk=0
LOW,wine cooler temperature repair,1,6,0,50.5,/services/wine-cooler-repair/,/services/wine-cooler-repair-los-angeles/,True,0,6,/services/wine-cooler-repair-los-angeles/::imp=6::pos=50.5::clk=0
LOW,wine cooling unit repair,1,6,0,78.2,/,/services/wine-cellar-cooling-repair/,True,0,6,/services/wine-cellar-cooling-repair/::imp=6::pos=78.2::clk=0
LOW,ac repair cost estimate los angeles,1,5,0,20.2,/los-angeles/,/price-list/air-conditioner-repair-cost/,True,0,5,/price-list/air-conditioner-repair-cost/::imp=5::pos=20.2::clk=0
LOW,ac repair silver lake,1,5,0,15.8,/silver-lake/,/silver-lake/,False,5,5,/silver-lake/::imp=5::pos=15.8::clk=0
LOW,air conditioner repair los angeles ca,1,5,0,70.6,/los-angeles/,/services/air-conditioner-repair-los-angeles/,True,0,5,/services/air-conditioner-repair-los-angeles/::imp=5::pos=70.6::clk=0
LOW,air duct cleaning company brentwood,1,5,0,74.6,/,/hvac/air-duct-cleaning/,True,0,5,/hvac/air-duct-cleaning/::imp=5::pos=74.6::clk=0
LOW,alfresco barbecue repair,1,5,0,17.8,/,/services/bbq-grill-repair-los-angeles/,True,0,5,/services/bbq-grill-repair-los-angeles/::imp=5::pos=17.8::clk=0
LOW,appliance installation services oxnard ca,1,5,0,61.2,/oxnard/,/oxnard/,False,5,5,/oxnard/::imp=5::pos=61.2::clk=0
LOW,appliance repair baldwin park ca,1,5,0,60.8,/,/arcadia/,True,0,5,/arcadia/::imp=5::pos=60.8::clk=0
LOW,appliance repair costa mesa,1,5,0,74.2,/costa-mesa/,/costa-mesa/,False,5,5,/costa-mesa/::imp=5::pos=74.2::clk=0
LOW,"appliance repair glendale ca""",1,5,0,53.0,/glendale/,/glendale/,False,5,5,/glendale/::imp=5::pos=53.0::clk=0
LOW,appliance repair newport beach,1,5,0,61.0,/newport-beach/,/newport-beach/,False,5,5,/newport-beach/::imp=5::pos=61.0::clk=0
LOW,appliance repair orange county ca,1,5,0,63.6,/,/orange-county/,True,0,5,/orange-county/::imp=5::pos=63.6::clk=0
LOW,appliance repair service los angeles,1,5,0,20.6,/los-angeles/,/los-angeles/,False,5,5,/los-angeles/::imp=5::pos=20.6::clk=0
LOW,appliance service los angeles ca,1,5,0,59.0,/los-angeles/,/los-angeles/,False,5,5,/los-angeles/::imp=5::pos=59.0::clk=0
LOW,average cost of dryer repair,1,5,0,52.0,/price-list/dryer-repair-cost/,/price-list/dryer-repair-cost/,False,5,5,/price-list/dryer-repair-cost/::imp=5::pos=52.0::clk=0
LOW,bbq smoker repair near me,1,5,0,9.6,/outdoor/grill-repair/,/services/bbq-grill-repair-los-angeles/,True,0,5,/services/bbq-grill-repair-los-angeles/::imp=5::pos=9.6::clk=0
LOW,bureau of electronic and appliance repair,1,5,0,16.4,/,/credentials/licensed/,True,0,5,/credentials/licensed/::imp=5::pos=16.4::clk=0
LOW,cellar cooling repairs near me,1,5,0,64.0,/,/services/wine-cellar-cooling-repair/,True,0,5,/services/wine-cellar-cooling-repair/::imp=5::pos=64.0::clk=0
LOW,champion dishwasher customer service,1,5,0,34.0,/services/dishwasher-repair/,/brands/champion-dishwasher-repair/,True,0,5,/brands/champion-dishwasher-repair/::imp=5::pos=34.0::clk=0
LOW,cma dishwasher repair,1,5,0,20.2,/services/dishwasher-repair/,/cma-dishmachines-repair/,True,0,5,/cma-dishmachines-repair/::imp=5::pos=20.2::clk=0
LOW,commercial appliance repair laguna niguel,1,5,0,42.8,/laguna-niguel/,/laguna-niguel/,False,5,5,/laguna-niguel/::imp=5::pos=42.8::clk=0
LOW,commercial appliance repair temecula,1,5,0,52.8,/temecula/,/temecula/,False,5,5,/temecula/::imp=5::pos=52.8::clk=0
LOW,commercial dish machine repair,1,5,0,69.0,/,/commercial/dishwasher-repair/,True,0,5,/commercial/dishwasher-repair/::imp=5::pos=69.0::clk=0
LOW,commercial dishwasher services,1,5,0,30.2,/commercial/dishwasher-repair/,/services/commercial-dishwasher-repair-los-angeles/,True,0,5,/services/commercial-dishwasher-repair-los-angeles/::imp=5::pos=30.2::clk=0
LOW,commercial exhaust hood repair,1,5,0,73.6,/,/commercial/exhaust-hood-repair/,True,0,5,/commercial/exhaust-hood-repair/::imp=5::pos=73.6::clk=0
LOW,commercial fridge repair los angeles ca,1,5,0,50.8,/commercial/refrigerator-repair/,/commercial/refrigeration/,True,0,5,/commercial/refrigeration/::imp=5::pos=50.8::clk=0
LOW,commercial ice machine cleaning cost,1,5,0,11.8,/commercial/ice-machine-repair/,/price-list/commercial-ice-machine-repair-cost/,True,0,5,/price-list/commercial-ice-machine-repair-cost/::imp=5::pos=11.8::clk=0
LOW,commercial oven repair los angeles,1,5,0,76.4,/commercial/oven-repair/,/services/commercial-stove-repair-los-angeles/,True,0,5,/services/commercial-stove-repair-los-angeles/::imp=5::pos=76.4::clk=0
LOW,commercial stove repairs,1,5,0,67.0,/commercial/oven-repair/,/commercial/stove-repair/,True,0,5,/commercial/stove-repair/::imp=5::pos=67.0::clk=0
LOW,commercial vent hood repair,1,5,0,86.8,/,/commercial/exhaust-hood-repair/,True,0,5,/commercial/exhaust-hood-repair/::imp=5::pos=86.8::clk=0
LOW,cost for dishwasher repair,1,5,0,41.6,/price-list/dishwasher-repair-cost/,/price-list/dishwasher-repair-cost/,False,5,5,/price-list/dishwasher-repair-cost/::imp=5::pos=41.6::clk=0
LOW,cost of dishwasher repair,1,5,0,45.6,/price-list/dishwasher-repair-cost/,/price-list/dishwasher-repair-cost/,False,5,5,/price-list/dishwasher-repair-cost/::imp=5::pos=45.6::clk=0
LOW,cost of washer repair,1,5,0,54.8,/price-list/washer-repair-cost/,/price-list/washer-repair-cost/,False,5,5,/price-list/washer-repair-cost/::imp=5::pos=54.8::clk=0
LOW,cost to fix oven,1,5,0,27.2,/price-list/oven-repair-cost/,/price-list/wall-oven-repair-cost/,True,0,5,/price-list/wall-oven-repair-cost/::imp=5::pos=27.2::clk=0
LOW,cost to replace dryer vent,1,5,0,41.6,/price-list/dryer-vent-repair-cost/,/price-list/dryer-vent-repair-cost/,False,5,5,/price-list/dryer-vent-repair-cost/::imp=5::pos=41.6::clk=0
LOW,deep fryer repair service,1,5,0,70.8,/commercial/fryer-repair/,/services/commercial-fryer-machine-repair-los-angeles/,True,0,5,/services/commercial-fryer-machine-repair-los-angeles/::imp=5::pos=70.8::clk=0
LOW,dehumidifier repair moorpark ca,1,5,0,31.0,/moorpark/,/moorpark/,False,5,5,/moorpark/::imp=5::pos=31.0::clk=0
LOW,dexter washing machine repair,1,5,0,35.2,/services/washer-repair/,/services/commercial-dryer-repair-los-angeles/,True,0,5,/services/commercial-dryer-repair-los-angeles/::imp=5::pos=35.2::clk=0
LOW,dishwasher repair brentwood,1,5,0,48.2,/brentwood/dishwasher-repair/,/brentwood/,True,0,5,/brentwood/::imp=5::pos=48.2::clk=0
LOW,dishwasher repair los angeles,1,5,0,31.0,/los-angeles/dishwasher-repair/,/services/dishwasher-repair-los-angeles/,True,0,5,/services/dishwasher-repair-los-angeles/::imp=5::pos=31.0::clk=0
LOW,dishwasher repair price,1,5,0,51.8,/price-list/dishwasher-repair-cost/,/price-list/dishwasher-repair-cost/,False,5,5,/price-list/dishwasher-repair-cost/::imp=5::pos=51.8::clk=0
LOW,dryer repair cost heating element,1,5,0,49.8,/price-list/dryer-repair-cost/,/price-list/dryer-repair-cost/,False,5,5,/price-list/dryer-repair-cost/::imp=5::pos=49.8::clk=0
LOW,dryer repair costs,1,5,0,60.8,/price-list/dryer-repair-cost/,/price-list/dryer-repair-cost/,False,5,5,/price-list/dryer-repair-cost/::imp=5::pos=60.8::clk=0
LOW,dryer repair riverside,1,5,0,63.4,/riverside/dryer-repair/,/riverside-county/,True,0,5,/riverside-county/::imp=5::pos=63.4::clk=0
LOW,dryer repair west hollywood,1,5,0,22.6,/hollywood/dryer-repair/,/west-hollywood/,True,0,5,/west-hollywood/::imp=5::pos=22.6::clk=0
LOW,electric bbq repair,1,5,0,17.4,/outdoor/grill-repair/,/services/bbq-grill-repair-los-angeles/,True,0,5,/services/bbq-grill-repair-los-angeles/::imp=5::pos=17.4::clk=0
LOW,electric smoker repair near me,1,5,0,13.0,/outdoor/smoker-repair/,/services/bbq-grill-repair-los-angeles/,True,0,5,/services/bbq-grill-repair-los-angeles/::imp=5::pos=13.0::clk=0
LOW,exhaust hood repair,1,5,0,56.6,/,/services/range-hood-repair/,True,0,5,/services/range-hood-repair/::imp=5::pos=56.6::clk=0
LOW,fisher paykel washing machine repair,1,5,0,64.4,/brands/fisher-paykel-washer-repair/,/brand-fisher-paykel-appliance-repair/,True,0,5,/brand-fisher-paykel-appliance-repair/::imp=5::pos=64.4::clk=0
LOW,fix microwave,1,5,0,9.0,/services/microwave-repair/,/services/microwave-repair-los-angeles/,True,0,5,/services/microwave-repair-los-angeles/::imp=5::pos=9.0::clk=0
LOW,fix my grill,1,5,0,26.4,/outdoor/grill-repair/,/services/bbq-grill-repair-los-angeles/,True,0,5,/services/bbq-grill-repair-los-angeles/::imp=5::pos=26.4::clk=0
LOW,fridge repair huntington beach,1,5,0,60.6,/huntington-beach/refrigerator-repair/,/huntington-beach/,True,0,5,/huntington-beach/::imp=5::pos=60.6::clk=0
LOW,gas bbq repair,1,5,0,12.6,/outdoor/grill-repair/,/services/bbq-grill-repair-los-angeles/,True,0,5,/services/bbq-grill-repair-los-angeles/::imp=5::pos=12.6::clk=0
LOW,gas hob repairs near me,1,5,0,11.8,/,/west-hollywood/,True,0,5,/west-hollywood/::imp=5::pos=11.8::clk=0
LOW,gas oven repair cost,1,5,0,48.0,/price-list/oven-repair-cost/,/price-list/oven-repair-cost/,False,5,5,/price-list/oven-repair-cost/::imp=5::pos=48.0::clk=0
LOW,gas stove repair,1,5,0,9.0,/services/oven-repair/,/services/stove-repair-los-angeles/,True,0,5,/services/stove-repair-los-angeles/::imp=5::pos=9.0::clk=0
LOW,ge front load washer repair,1,5,0,60.2,/brands/ge-washer-repair/,/brands/ge-washer-repair/,False,5,5,/brands/ge-washer-repair/::imp=5::pos=60.2::clk=0
LOW,ge stackable washer dryer repair,1,5,0,75.4,/brands/ge-washer-repair/,/brands/ge-washer-repair/,False,5,5,/brands/ge-washer-repair/::imp=5::pos=75.4::clk=0
LOW,ge washer repair near me,1,5,0,1.0,/brands/ge-washer-repair-washer-repair/,/west-hollywood/,True,0,5,/west-hollywood/::imp=5::pos=1.0::clk=0
LOW,hobart commercial dishwasher repair,1,5,0,31.2,/commercial/dishwasher-repair/,/brands/hobart-dishwasher-repair/,True,0,5,/brands/hobart-dishwasher-repair/::imp=5::pos=31.2::clk=0
LOW,home repair silver lake ca,1,5,0,40.8,/silver-lake/,/silver-lake/,False,5,5,/silver-lake/::imp=5::pos=40.8::clk=0
LOW,hood repair,1,5,0,48.6,/,/services/range-hood-repair/,True,0,5,/services/range-hood-repair/::imp=5::pos=48.6::clk=0
LOW,how much does it cost to fix a garbage disposal,1,5,0,68.2,/price-list/garbage-disposal-repair-cost/,/price-list/garbage-disposal-repair-cost/,False,5,5,/price-list/garbage-disposal-repair-cost/::imp=5::pos=68.2::clk=0
LOW,how much does it cost to repair a dishwasher,1,5,0,34.0,/price-list/dishwasher-repair-cost/,/price-list/dishwasher-repair-cost/,False,5,5,/price-list/dishwasher-repair-cost/::imp=5::pos=34.0::clk=0
LOW,how much does it cost to repair an oven,1,5,0,26.6,/price-list/oven-repair-cost/,/price-list/oven-repair-cost/,False,5,5,/price-list/oven-repair-cost/::imp=5::pos=26.6::clk=0
LOW,how much is refrigerator repair,1,5,0,76.2,/price-list/refrigerator-repair-cost/,/price-list/refrigerator-repair-cost/,False,5,5,/price-list/refrigerator-repair-cost/::imp=5::pos=76.2::clk=0
LOW,how much to repair a refrigerator,1,5,0,69.0,/price-list/refrigerator-repair-cost/,/price-list/refrigerator-repair-cost/,False,5,5,/price-list/refrigerator-repair-cost/::imp=5::pos=69.0::clk=0
LOW,how much to repair refrigerator,1,5,0,69.8,/price-list/refrigerator-repair-cost/,/price-list/refrigerator-repair-cost/,False,5,5,/price-list/refrigerator-repair-cost/::imp=5::pos=69.8::clk=0
LOW,ice machine repair cost,1,5,0,21.8,/commercial/ice-machine-repair/,/price-list/commercial-ice-machine-repair-cost/,True,0,5,/price-list/commercial-ice-machine-repair-cost/::imp=5::pos=21.8::clk=0
LOW,ice machine water filter repair,1,5,0,80.2,/commercial/ice-machine-repair/,/services/ice-maker-repair/,True,0,5,/services/ice-maker-repair/::imp=5::pos=80.2::clk=0
LOW,industrial mixer repair,1,5,0,43.4,/,/commercial/mixer-repair/,True,0,5,/commercial/mixer-repair/::imp=5::pos=43.4::clk=0
LOW,kitchen hood installation los angeles,1,5,0,60.0,/,/services/range-hood-repair/,True,0,5,/services/range-hood-repair/::imp=5::pos=60.0::clk=0
LOW,laundry equipment repair,1,5,0,92.0,/,/commercial/washer-repair/,True,0,5,/commercial/washer-repair/::imp=5::pos=92.0::clk=0
LOW,laundry equipment service,1,5,0,41.0,/,/commercial/laundry-repair/,True,0,5,/commercial/laundry-repair/::imp=5::pos=41.0::clk=0
LOW,lg dryer motor replacement cost,1,5,0,7.6,/price-list/dryer-repair-cost/,/price-list/dryer-motor-replacement-cost/,True,0,5,/price-list/dryer-motor-replacement-cost/::imp=5::pos=7.6::clk=0
LOW,lg laundry machine repair,1,5,0,79.8,/brands/lg/,/brands/lg/,False,5,5,/brands/lg/::imp=5::pos=79.8::clk=0
LOW,lg laundry repair,1,5,0,69.0,/brands/lg/,/brands/lg/,False,5,5,/brands/lg/::imp=5::pos=69.0::clk=0
LOW,maytag repair,1,5,0,62.8,/brands/maytag/,/brands/maytag/,False,5,5,/brands/maytag/::imp=5::pos=62.8::clk=0
LOW,meat slicer repair,1,5,0,51.2,/,/commercial/slicer-repair/,True,0,5,/commercial/slicer-repair/::imp=5::pos=51.2::clk=0
LOW,microwave oven repair,1,5,0,15.2,/services/microwave-repair/,/services/microwave-repair-los-angeles/,True,0,5,/services/microwave-repair-los-angeles/::imp=5::pos=15.2::clk=0
LOW,oven repair price,1,5,0,50.2,/price-list/oven-repair-cost/,/price-list/oven-repair-cost/,False,5,5,/price-list/oven-repair-cost/::imp=5::pos=50.2::clk=0
LOW,pizza oven repairs near me,1,5,0,10.8,/outdoor/pizza-oven-repair/,/ventura/,True,0,5,/ventura/::imp=5::pos=10.8::clk=0
LOW,pressure washer repair monterey,1,5,0,51.8,/services/washer-repair/,/monterey-park/,True,0,5,/monterey-park/::imp=5::pos=51.8::clk=0
LOW,range hood fan repair,1,5,0,67.0,/services/range-hood-repair/,/services/range-hood-repair/,False,5,5,/services/range-hood-repair/::imp=5::pos=67.0::clk=0
LOW,redondo beach appliance repair,1,5,0,46.8,/redondo-beach/,/redondo-beach/,False,5,5,/redondo-beach/::imp=5::pos=46.8::clk=0
LOW,refrigerator compressor repair,1,5,0,62.8,/services/refrigerator-repair/,/services/refrigerator-repair/,False,5,5,/services/refrigerator-repair/::imp=5::pos=62.8::clk=0
LOW,refrigerator repair costs compressor,1,5,0,74.2,/price-list/refrigerator-repair-cost/,/price-list/refrigerator-repair-cost/,False,5,5,/price-list/refrigerator-repair-cost/::imp=5::pos=74.2::clk=0
LOW,refrigerator repair hemet,1,5,0,29.4,/hemet/refrigerator-repair/,/hemet/,True,0,5,/hemet/::imp=5::pos=29.4::clk=0
LOW,refrigerator repair huntington beach,1,5,0,55.2,/huntington-beach/refrigerator-repair/,/huntington-beach/,True,0,5,/huntington-beach/::imp=5::pos=55.2::clk=0
LOW,refrigerator repair in los angeles,1,5,0,79.0,/los-angeles/refrigerator-repair/,/services/refrigerator-repair/,True,0,5,/services/refrigerator-repair/::imp=5::pos=79.0::clk=0
LOW,refrigerator repair in riverside,1,5,0,51.2,/riverside/refrigerator-repair/,/riverside/,True,0,5,/riverside/::imp=5::pos=51.2::clk=0
LOW,refrigerator repair mission viejo,1,5,0,51.8,/mission-viejo/refrigerator-repair/,/mission-viejo/,True,0,5,/mission-viejo/::imp=5::pos=51.8::clk=0
LOW,refrigerator repair riverside,1,5,0,50.4,/riverside/refrigerator-repair/,/riverside/,True,0,5,/riverside/::imp=5::pos=50.4::clk=0
LOW,same day appliance repair menifee,1,5,0,15.4,/menifee/,/menifee/,False,5,5,/menifee/::imp=5::pos=15.4::clk=0
LOW,samsung washing machine repair cost,1,5,0,62.8,/price-list/washer-repair-cost/,/price-list/washer-repair-cost/,False,5,5,/price-list/washer-repair-cost/::imp=5::pos=62.8::clk=0
LOW,santa monica appliance repair,1,5,0,43.8,/santa-monica/,/santa-monica/,False,5,5,/santa-monica/::imp=5::pos=43.8::clk=0
LOW,slicer repair,1,5,0,39.8,/,/commercial/slicer-repair/,True,0,5,/commercial/slicer-repair/::imp=5::pos=39.8::clk=0
LOW,smoker repair near me,1,5,0,12.6,/outdoor/smoker-repair/,/services/bbq-grill-repair-los-angeles/,True,0,5,/services/bbq-grill-repair-los-angeles/::imp=5::pos=12.6::clk=0
LOW,stackable dryer repair,1,5,0,23.6,/services/dryer-repair/,/price-list/stackable-washer-dryer-repair-cost/,True,0,5,/price-list/stackable-washer-dryer-repair-cost/::imp=5::pos=23.6::clk=0
LOW,stackable washer and dryer repair,1,5,0,68.0,/services/washer-repair/,/price-list/stackable-washer-dryer-repair-cost/,True,0,5,/price-list/stackable-washer-dryer-repair-cost/::imp=5::pos=68.0::clk=0
LOW,stove repair cost,1,5,0,61.4,/price-list/oven-repair-cost/,/price-list/commercial-stove-repair-cost/,True,0,5,/price-list/commercial-stove-repair-cost/::imp=5::pos=61.4::clk=0
LOW,sub zero repair los angeles,1,5,0,54.6,/brands/sub-zero/,/brands/sub-zero/,False,5,5,/brands/sub-zero/::imp=5::pos=54.6::clk=0
LOW,sub-zero wine cooler repair,1,5,0,13.0,/services/wine-cooler-repair/,/services/wine-cooler-repair/,False,5,5,/services/wine-cooler-repair/::imp=5::pos=13.0::clk=0
LOW,swamp cooler repair los angeles,1,5,0,50.6,/los-angeles/,/,True,0,5,/::imp=5::pos=50.6::clk=0
LOW,tustin same day heat pump repair,1,5,0,47.8,/tustin/,/tustin/,False,5,5,/tustin/::imp=5::pos=47.8::clk=0
LOW,wa air conditioning repair cost,1,5,0,78.8,/,/price-list/air-conditioner-repair-cost/,True,0,5,/price-list/air-conditioner-repair-cost/::imp=5::pos=78.8::clk=0
LOW,walk in freezer installation los angeles,1,5,0,57.2,/los-angeles/refrigerator-repair/,/,True,0,5,/::imp=5::pos=57.2::clk=0
LOW,walk-in freezer repair midlothian,1,5,0,66.6,/services/refrigerator-repair/,/,True,0,5,/::imp=5::pos=66.6::clk=0
LOW,washer and dryer repair near me free estimate,1,5,0,23.2,/services/washer-repair/,/thousand-oaks/,True,0,5,/thousand-oaks/::imp=5::pos=23.2::clk=0
LOW,washer repair monterey,1,5,0,38.8,/services/washer-repair/,/monterey-park/,True,0,5,/monterey-park/::imp=5::pos=38.8::clk=0
LOW,washer repair temecula,1,5,0,49.2,/temecula/washer-repair/,/temecula/,True,0,5,/temecula/::imp=5::pos=49.2::clk=0
LOW,washer repairman cost,1,5,0,28.2,/price-list/washer-repair-cost/,/price-list/washer-repair-cost/,False,5,5,/price-list/washer-repair-cost/::imp=5::pos=28.2::clk=0
LOW,washing machine repair prices,1,5,0,44.8,/price-list/washer-repair-cost/,/price-list/washer-repair-cost/,False,5,5,/price-list/washer-repair-cost/::imp=5::pos=44.8::clk=0
LOW,wine cellar cooling systems los angeles,1,5,0,37.0,/los-angeles/wine-cellar-cooling-repair/,/services/wine-cellar-repair-los-angeles/,True,0,5,/services/wine-cellar-repair-los-angeles/::imp=5::pos=37.0::clk=0
LOW,wine cooler repair rancho cucamonga,1,5,0,17.6,/rancho-cucamonga/wine-cooler-repair/,/rancho-cucamonga/,True,0,5,/rancho-cucamonga/::imp=5::pos=17.6::clk=0
LOW,wine fridge repair near me,1,5,0,54.4,/services/refrigerator-repair/,/temecula/,True,0,5,/temecula/::imp=5::pos=54.4::clk=0
